app_name,package_name,review_id,user_name,review_text,rating,review_date
GajiGesa,com.gajigesanative,11e85d60-c610-4750-8204-0384969dcdb1,deny mild,"sangat rekomendasi, dan bermanfaat banget",5,2026-05-12
GajiGesa,com.gajigesanative,c63452ea-1d0f-4c98-9704-4c1a2f0f42de,Akang Gowes69,"ini aplikasi menguntung kan pihak2 yang tidak bertanggung jawab , sudah tidak sesuai harapan & expektasi.",1,2026-05-11
GajiGesa,com.gajigesanative,07b69d73-11e4-44ee-94f2-8424225e45ca,Wildan Farid,sangat bagus,5,2026-04-30
GajiGesa,com.gajigesanative,ca03cae1-a7a2-44b5-b4eb-c6cbef558e5c,Yoseph Gerard Saikat,"Tidak bisa melakukan transaksi dengan keterangan akun tidak aktif dari 21 Maret 2026 sampai 21 April 2026. Sementara pihak Vendor tidak mengetahui penyebab hal ini. Koordinasi dengan CS aplikasi by WA, nomer saya malah di Blokir!",1,2026-04-29
GajiGesa,com.gajigesanative,a4587a26-164a-4136-ac45-30ad99cb4465,Ade Suryana,gk bisa transaksi udh 3 hari,1,2026-04-21
GajiGesa,com.gajigesanative,4fbfa6d0-8ef2-4ddd-9594-3b3a11852c4a,Ahmad basyairi Jerry s,sangat bagus,5,2026-04-10
GajiGesa,com.gajigesanative,8ef122c1-9a60-4b9b-9eba-14c6ab150bf3,Ari Triyanto,sangatlah mudah untuk mengakses pinjaman uang cepat jaminan pekerjaan,5,2026-03-13
GajiGesa,com.gajigesanative,4e367102-7ace-4183-8e2e-ff6fb233d357,asep sukandar,cukup bagus bisa bantu,4,2026-02-27
GajiGesa,com.gajigesanative,d86b7a20-00cb-42b1-b988-eda003d6439a,Hidayat Tullah,"udh daftar tapi egk bisa di buka, udah masukin no handphone tapi no OTP nyah egak terkirim-kirim l",2,2026-02-23
GajiGesa,com.gajigesanative,a3c414df-5395-40f1-8248-acb437d72ce8,San In,bagus seksli sangat membantu,5,2026-02-20
GajiGesa,com.gajigesanative,187b0954-0acf-48fa-8306-8e2258bfcfe8,Renny Budiadi,8x mau.tarik.dana gagal trus..payah,1,2026-02-11
GajiGesa,com.gajigesanative,a43109d3-97c3-4e8d-bf9f-a12b44fa4998,AHMAD Sulaeman,bagus bnget,5,2026-02-10
GajiGesa,com.gajigesanative,598a13ed-55c6-4f89-939a-e2332db571f6,Rizal,terlalu gede biaya potongannya,1,2026-02-07
GajiGesa,com.gajigesanative,81de4b99-ee7e-4659-bce4-5a232d55f632,Suhaedi Edi,cakep bagus sangan membatu kariawan dalam membatu kebutuhan ke uangan.,5,2026-01-22
GajiGesa,com.gajigesanative,89cca6eb-f7c8-471c-93bf-454f0110319f,ibnu abdissalam,"saya kasih bintang 3 dulu,,sebab kata HRD saya akun saya sudah bisa mulai penarikan dan aktif dan udh juga tanggal 21,,tapi gak bisa di tarik dengan alesan akun anda blom aktif",3,2026-01-21
GajiGesa,com.gajigesanative,762009a1-819b-43c3-a618-9cd6f1697bc7,DARK SOULS,"Punyaku Gk Cair, Gagal Mulu Padahal Biasanya Langsung Cair Lo",3,2026-01-19
GajiGesa,com.gajigesanative,a7468dad-d284-4baa-8c36-0cbc53d5d37a,Aulia Nugraha,"Tolong dong APKnya di benerin lagi masa sering banget ngebug, uda gtu selalu stuck suruh masukin nomer terus, ini gimana si gajigesa di perbaiki lg lah aplikasinya biar gabanyak orang kecewa pake apk ini.",1,2026-01-11
GajiGesa,com.gajigesanative,230de479-d22b-4272-82d6-2fcbf933b4e4,Dani Dani,👍,5,2026-01-08
GajiGesa,com.gajigesanative,8d9931d3-0106-4ff2-91f7-c96f2c26b822,Sofian “Andre” Andri,sangat baik dan mudah,5,2026-01-02
GajiGesa,com.gajigesanative,466e0e7e-004b-412d-bf01-3a71a690f6e7,Bedodo GIAWA,ok,5,2025-12-23
GajiGesa,com.gajigesanative,27a8adf5-ee60-42d6-8d3d-71bb0bea1bff,Haji Patiraja,GK benar aplikasi nya,1,2025-12-22
GajiGesa,com.gajigesanative,e6b172b2-b088-4913-ba13-e3ad659078fe,ARDJO DJOGJA,Sudah 12 jam lebih status masih menunggu. belum bisa cair,5,2025-12-22
GajiGesa,com.gajigesanative,3aefb12b-e146-4c9b-8e8e-6854bfc6bad6,Realme C16,cukup baik dan membantu,5,2025-12-21
GajiGesa,com.gajigesanative,1c2bb7aa-ef26-492f-afa1-3ff6f80d5698,Yudha 86,"gaji gesa sekarang lama GK Kya awal"" langsung cair ini udh nunggu 5 jam belum cair status menunggu",5,2025-12-21
GajiGesa,com.gajigesanative,9751a27a-8c56-485f-b223-7622583a8ede,Ujang Rahmat,aplikasi tdk untuk rekomendasi...banyak kendala pas pencairan trus dr CS nya juga low respon...mengecewakan,1,2025-12-21
GajiGesa,com.gajigesanative,ddbc5e47-92c6-469f-8955-9db15222d50f,Apri Yanto,aplikasi ini sangat biak,5,2025-12-20
GajiGesa,com.gajigesanative,3a9d1e44-bb90-480a-8895-c81d429b7817,Moh Sulaiman,sangat membantu,5,2025-12-20
GajiGesa,com.gajigesanative,277c4542-4790-45fc-acf6-8cab450cc934,Sumarna Bae,sangant membantu,5,2025-12-10
GajiGesa,com.gajigesanative,fb6843d1-7864-4b38-adc6-c5a47e586aab,jack J,cobalah buat apk gaji gesa jam brp si real time ny keluar gak jelas kadang jam 3:30 ini Uda jam brp hadeh please help me,5,2025-12-09
GajiGesa,com.gajigesanative,705e1e0e-239c-4651-8be3-51df52710368,doni joe,proses registrasi memerlukan data karyawan,5,2025-12-06
GajiGesa,com.gajigesanative,9ede4375-70a7-43a9-93b6-55546ee0dbbb,Yayan Kosyana,Layanan pengaduannya boot semua 🤦,2,2025-11-23
GajiGesa,com.gajigesanative,733a941b-ac93-4395-800b-4ff0463e99ba,Toto Broto,tersedia fitur riwayat transaksi di menu utama,5,2025-11-19
GajiGesa,com.gajigesanative,e65b25f3-c501-456a-bf7e-876a9408d6d5,Laila Zoya,pengajuan dari tgl 01-11-2025 ditolak dua kali dalam sehari dan saya mengajukan kembali ditanggal 02-11-2025 sampai tgl 03-11-2025 sampai detik ini status menunggu dan di menu aplikasi tidak ada layanan pengaduan...,1,2025-11-03
GajiGesa,com.gajigesanative,34d3ca62-7b4c-4209-9369-657f821dd77d,Wawan Gunawan,"bagus bnget aplikasi nya ,dengan senang hati",5,2025-09-26
GajiGesa,com.gajigesanative,f8eee4dd-6810-4ebe-b55d-659045b8214f,sugiyanto Gie,"halo, kalau mau komplain lewat apa, ada CS nya? saya transaksi statusnya menunggu, saldo sdh kepotong tapi belum terkirim dana nya.",4,2025-09-10
GajiGesa,com.gajigesanative,11eb329c-1242-475d-9524-8ecaaed1b343,Yubi Yanto,bagus sekali.. saya suka apk ini. mudah digunakan.,5,2025-08-19
GajiGesa,com.gajigesanative,7ea8d73d-a31e-411a-a077-10e1f2e3ab42,Sayadi Sayadi,membantu Karyawan yg Berada di bawah naungannya,5,2025-08-11
GajiGesa,com.gajigesanative,6dc421d7-7b62-46bd-9101-11df50346526,Jaka Tarum,"sangat membantu banget, trimakasih 🙏",5,2025-08-09
GajiGesa,com.gajigesanative,63089165-be4a-4eee-b5e4-72796b0d1e50,Malik Cokro,sebentar2 update....sebentar update...,1,2025-08-02
GajiGesa,com.gajigesanative,eeb61bd2-f78c-435b-8e97-a12acdaada01,Ferdi Ansah,login menggunakan nomor hp yang terdaftar,5,2025-07-31
GajiGesa,com.gajigesanative,40677db8-62d6-4647-843a-9819f8af1577,AHMAD TRISNAKURNIA06,sangat berguna untuk saya,5,2025-07-30
GajiGesa,com.gajigesanative,d9fb3d17-77c6-4c46-b3cf-3ab2cff18c1d,Erik Permadi,ok walau limit pertma kecil,5,2025-07-30
GajiGesa,com.gajigesanative,7488cdd7-947b-4f8a-9fa9-b22d2038e4f0,septian P.R.G,"apk sudah bagus ,tapi lama dibilang cuman 30 menit tau2 nya ga masuk2 ini kenapa kendala nya , tolong di perbaiki lagi",4,2025-07-28
GajiGesa,com.gajigesanative,a82cb231-efb3-408d-8b72-62785dd62627,Rahma Yadi,cara daftar no hp ny gmna ya,3,2025-07-23
GajiGesa,com.gajigesanative,2010e5dc-6c68-4345-a06b-39756ceb75f6,fahmi jamaluddin,gila gila .. lagi butuh² nya tarik gaji dulu 2jt malah nyangkut . mana lagi di suruh nunggu 3hari 🤦‍♂️,1,2025-07-15
GajiGesa,com.gajigesanative,6b52a278-28c2-49ed-9ff6-dbfe50daa951,Hadi Saputro,aplikasi meminta izin akses kamera saat daftar,5,2025-06-25
GajiGesa,com.gajigesanative,4c335018-124e-470e-9c4a-3c32058364c0,ludiana anwar,"cukup membantu, tapi kalo bisa akhir tanggal pengajuan nya di tambah lagi, harus nya sampai tanggal 25. kan tanggal-tanggal sagitu rawan keuangan",4,2025-06-19
GajiGesa,com.gajigesanative,8143ce5e-6233-436c-bb56-8a745e64361a,Aden Alhamdani,"Sangat membantu ,apabila kepepet wkwkw",5,2025-06-13
GajiGesa,com.gajigesanative,e517bec5-ee8d-4ff1-8efa-500bc6de16d0,Asep Sopian,keren,5,2025-05-20
GajiGesa,com.gajigesanative,bd4a1b08-a3f9-4f31-a34e-ada07674557f,Dudi Riyadi,sangat membantu sekali,5,2025-05-16
GajiGesa,com.gajigesanative,a9f0e649-3254-4f1d-a7e2-e9fa56a6f4bb,Kenzie Hamizan,kenapa.akun saya tidak bisa transaksi??? Dan kenapa kontak developer jadi kontak layanan keluhan indomaret ?!,1,2025-05-14
GajiGesa,com.gajigesanative,81ae0554-3252-4a09-a9bc-e9ebdb59220a,Yudin Yudi,kenapa  gaji belum bisa di tarik.. ini sudah tanggal 11 mei....,1,2025-05-10
GajiGesa,com.gajigesanative,7af3c88b-8ad7-419f-a0f9-c68ddbefdde9,sulaiman leman,memudahkan keperluan,5,2025-05-08
GajiGesa,com.gajigesanative,3d4071a5-2103-40bb-8f3f-b4df6945060c,533 Garut,sangat membatu sekali,5,2025-05-08
GajiGesa,com.gajigesanative,6f056855-b526-43fb-b192-e74a29ebd1fe,Jaenuri MPP,sangat membantu di kala butuh dana dadakan yang ber sifat EMERGENCI,5,2025-05-08
GajiGesa,com.gajigesanative,1973cccd-7fa2-4f09-bbc5-7d5306e72f79,Kurt Cobain,sangat membantu walau limitnya kecil banget,5,2025-05-05
GajiGesa,com.gajigesanative,2c88b1d9-d39b-4b86-bdb0-3c7091f54610,Supendi Pendi,Membantu tapii kalau update ulang selalu minta masukan nmr yg terdaftar diaplikasi pas dimasukkan nmr yg terdaftar diaplikasi.Keteranganya nomor tdk terdaftar diaplikasi kasi kan bikin kesel,4,2025-05-01
GajiGesa,com.gajigesanative,2d7e4ae9-7f49-4936-8b5c-4e530c939be0,Elly Lyans,Semoga semakin mudah dlm bertransaksi,5,2025-05-01
GajiGesa,com.gajigesanative,3bd2a710-896d-443c-8e15-549fc95d296a,Septian Slady,mudah saat dibutuhkan,5,2025-04-30
GajiGesa,com.gajigesanative,6dc1c632-1ff7-44c0-8c77-85f5ce0539c0,Dedi Suryatman,potongan gaji saya bulan ini sebesar 50 ribu,5,2025-04-29
GajiGesa,com.gajigesanative,e79a2340-37f5-4773-9915-6d44762f8f69,Arya Irzan,"Bulan sekarang penarikan status menunggu trs dari tanggal 15 - sekarang dengan alasan tertunda pas nanya ke cs alasanya knpa malah di suruh nunggu 4 hari diluar hari libur, padahal batas penarikan cuma 5 hari. Bantu perbaiki yah",2,2025-04-18
GajiGesa,com.gajigesanative,833badae-9adf-4a43-962d-03d85d366002,bang bozoet,sangat membantu untuk segala nya,5,2025-04-16
GajiGesa,com.gajigesanative,ef7f5d86-edbf-43e5-9f25-2e58acd7486f,Novia 21,emang bermanfaat betul tapi kenapa ya akhir² ini apk ny gak berfungsi baik ya sperti ada no hp gak ada no rekening yg terdaftar bisa kasih jawabann knpa akun sperti ini,5,2025-04-08
GajiGesa,com.gajigesanative,c56b6aef-d650-4f9a-bcb4-b4503b18d4b5,Man GAMING,"mohon dikembangkan,jangan jadi penyakit aplikasi ini transaksi pertama lancar trus bulan depan transaksi nya menunggu terus, sudah 1 harian ditunggu masih juga menunggu 🤦",2,2025-03-26
GajiGesa,com.gajigesanative,24f3d526-6c0b-4d82-ada8-e2579a8bcc37,Ryan Ipay,"Mantap aplikasinya, semua penarikan transaksi tergantung Hrdnya respon cepat adminnya.",5,2025-03-09
GajiGesa,com.gajigesanative,1d66e9d9-1f08-4118-a8ed-8461cf0c4b3d,ezie marsell,Kenapa apk jd g bs di pakai?,2,2025-03-06
GajiGesa,com.gajigesanative,cc6206f1-2307-4f6f-9648-062dce0c54eb,GDAFS Channel22,pendaftaran membutuhkan verifikasi otp,5,2025-02-14
GajiGesa,com.gajigesanative,2de785ed-8294-4290-b050-5e3b93040bda,Karin Novilda,Sangat membantu,5,2025-02-09
GajiGesa,com.gajigesanative,1609eb84-e1ba-445d-840d-c08b64eb5ca8,Jabrig Lur,Sangat membantu Terima kasih,5,2025-02-07
GajiGesa,com.gajigesanative,ce9b8518-aa67-48ae-ac63-f76efa984687,Andri Proniko,Ok,3,2025-01-26
GajiGesa,com.gajigesanative,114ac829-ae06-4bc5-b4de-919405db1b00,Soerya Aspas,Ok,4,2025-01-18
GajiGesa,com.gajigesanative,c0ad88ec-4dfc-47da-a015-b71b06a71f48,Tedja Admaja,Terimakasih.. sangat membantu,5,2025-01-17
GajiGesa,com.gajigesanative,5cdfe473-6975-4af1-a482-40f1d2653d1f,Fauzi Hukari,Parah sekali jangan mau klo hrd daftakan,1,2025-01-15
GajiGesa,com.gajigesanative,f70e6634-6058-43d0-b836-64eddb03653c,Ali Rahman,Nanti jg tau sendiri,1,2025-01-08
GajiGesa,com.gajigesanative,edf06d4a-7115-458a-aad0-e26608144f79,keluarga Kecil,Aplikasi sangat lemah ketika download aplikasi begitu saja langsung hilang,1,2025-01-04
GajiGesa,com.gajigesanative,e482cd4e-afe1-44f6-b6bd-e66909c116f2,Fajar Adianur,Mantap,5,2025-01-01
GajiGesa,com.gajigesanative,5f8f61d6-5b25-41c1-b2a3-8dbfccfcb52b,Ilham Syah,sering eror ga jelas,1,2025-01-01
GajiGesa,com.gajigesanative,e1ba9f60-d268-4662-8b6a-0939f85d928d,Dody Haryadi,Mantap,5,2024-12-20
GajiGesa,com.gajigesanative,2ab96cca-5c69-4e2b-bb2f-85cc2de62f3e,Razqa Atta Arthur,tiap jawaban admin cuma copy paste dari atas bawah sama semua mungkin pencairan ga bisa karena udah kehabisan modal buat nalangi banyak rakyat +62 yg B.U uninstall aja lah. mending ga ngutang dari pd di PHP aplikasi yg banyak notif tpi ga realisasi kayak oejabat konoha,1,2024-12-15
GajiGesa,com.gajigesanative,c58321d3-8519-40e9-bd06-1d5a1e675cba,Armas Armas,Good,5,2024-12-15
GajiGesa,com.gajigesanative,f63ec345-dd85-4d4b-9e25-2a34b3972bab,Safrudin,Mantap aplikasinya bisa membantu dan bisa menghindari dari pinjol,5,2024-12-14
GajiGesa,com.gajigesanative,c3ddb927-27ff-480a-abf1-64bdc4395c74,Akhmad Fadillah toha,Kenapa di hp saya tidak bisa tambah rekening tidak ada fitur nya,3,2024-12-11
GajiGesa,com.gajigesanative,880590e1-d466-4966-850f-bf905962cdc3,Tomi Andriansyah,"kemaren"" lancar tapi sekarang kenapaa selalu di tolak saat mengajukan saya sudah coba berkali"" tetap tidak bisa... tolong bantuannya lahhh di cht juga g di respon",1,2024-12-11
GajiGesa,com.gajigesanative,1d03485a-0d93-4ce6-8dd8-45ee72f1d066,Muhamad Tristiyawan,"saldo sudah terpotong tapi dana tidak masuk"", setatus nya selalu menunggu, tetapi saldo sudah berkurang",1,2024-12-10
GajiGesa,com.gajigesanative,6ce39e8f-9946-4a29-82c5-f85238f6d09c,Ira Ira,Sangat membantu,5,2024-12-10
GajiGesa,com.gajigesanative,c36faa71-e296-4173-a822-f65512fd1a09,Mustofa Mustofa,Mantap,5,2024-12-07
GajiGesa,com.gajigesanative,27e775a9-eacd-4640-accd-f63bca796369,Chaerul Rachman,"knpa logout terus dan masa aktif nya 6 desember 2024 dibulan ini padahal masih kerja sama,sama PT",2,2024-12-06
GajiGesa,com.gajigesanative,f714092c-b3ae-46f4-9603-b414b300d04a,Lutvia Via,sudah mengajukan pencairan sejak kemarin,5,2024-12-05
GajiGesa,com.gajigesanative,a72c3def-5107-43c5-a05f-5ebc2d1bd70a,Ahmad Taufik,Smoga dapat eksis slamanya🫡,5,2024-12-04
GajiGesa,com.gajigesanative,e49c770c-20d8-4cc3-bea6-114363721dfa,muhamad faisal,bikin gaji telat ni apk,1,2024-12-03
GajiGesa,com.gajigesanative,2c7f63ca-1423-4318-86ef-bc4d5390dc20,Pebrianto Starlla,Good,5,2024-12-02
GajiGesa,com.gajigesanative,71106239-26e0-4cf3-9340-13db644ad5da,Rizky Okta Gustian,Ini perbaikannya berapa hari tah ? Udh 2 hari perbaikan terus gak bisa login,2,2024-11-30
GajiGesa,com.gajigesanative,cd72947c-dda6-4f1b-9d52-d1f2702caba1,Andika Putra,Pelayanan lambat cs dihubungi lama balesnya aplikasi gampang eror dibuka gak bisa tolong diperbaiki sistem kanyak gini mempersukit,1,2024-11-30
GajiGesa,com.gajigesanative,4976b331-365e-4f84-b5e4-989b2e5d37f0,Rain Naldhi,Sayangnya sudah tidak bisa di pakai lagi,2,2024-11-19
GajiGesa,com.gajigesanative,587ea6b5-a9db-43f4-ba2e-ae28f320679d,Andri Bei,"Bulan lalu ngambil pinjaman lancar 1 jam langsung cair, bulan ini kenapa gagal mulu udah dicoba berkali-kali masih gagal. sampe kucoba TF ke rekening lain juga gagal, kenapa ini?? lagi butuh²nya malah erorr gajelas gini.",1,2024-11-18
GajiGesa,com.gajigesanative,023f7eaf-5b1e-4905-a633-05f8bf0ac716,Nanang Arianto,"Sudah 2 hari penarikan gaji belum masuk,layanan konsultasi tidak merespon",3,2024-11-18
GajiGesa,com.gajigesanative,f55694e2-3380-4167-b9fc-de8ded5ae138,Sidiq Prasetyo,"Sangat membantu,tapi kok dlm 2 hari ini penarikan selalu gagal,,",5,2024-11-16
GajiGesa,com.gajigesanative,a72a786d-2180-446a-8931-d164da5c5543,Andri Yusup,gangguan kah ? ga bisa masuk aplikasi,3,2024-10-20
GajiGesa,com.gajigesanative,dc8a251d-0d4e-499f-be3b-38181257578d,Nisa Alfatih,Tidak memberitahu perusahaan akan belum aktifnya masa transaksi,1,2024-10-19
GajiGesa,com.gajigesanative,374ac033-b688-4c7b-ad18-a4b66862d216,Ahmad Zaki,download langsung pengajuan dan langsung di ACC 👍👍👍,5,2024-10-19
GajiGesa,com.gajigesanative,dcd7b227-7a1b-4e0d-8474-af67395c1fdc,asep haryadi,"Aplikasi nya mantap,,bisa membantu di saat situasi keda'an darurat,,,semoga aplikasi ini bisa membantu semua karyawan yg bner2 membutuhkan,,,mantaap,,aplikasi yg sangat mambantu sekali",5,2024-10-18
GajiGesa,com.gajigesanative,351d5c03-fbbc-4787-84a8-f669bf63b11d,Dani Setiawan,Sangat membantu,5,2024-10-17
GajiGesa,com.gajigesanative,e653bec3-3176-44c4-975f-59088f5e2640,Debora Sembiring,"Thankyou gaji gesa,, gajian jadi lebih cepat, berguna juga buat kebutuhan yang mendadak, sangat rekomanded donk pastinya bagi kita yg mau mengelola gajian tanpa ribet buat kebutuhan sehari2. penarikan juga lebih fleksibel. banyak bonusnya juga dan sangat membantu di awal bulan bagi yg kita gajian di akhir bulan.",4,2024-10-17
GajiGesa,com.gajigesanative,84bbdffa-ea6e-4de8-b04d-931bb6482628,Andi Bagja,"Aplikasi apaan ,, narik gaji aja nggak bisaa ... payahhh .. cukup kecewa",1,2024-10-17
GajiGesa,com.gajigesanative,c07cdd66-544a-4779-8461-2b9216ad8f84,pilte carles,Tolong jangan keluar keluar terus udah saya kasih hibtang 5,5,2024-10-13
GajiGesa,com.gajigesanative,c411a343-4e51-49df-9d1f-c2a302378ce8,Sur Yani,Baru di coba,3,2024-10-12
GajiGesa,com.gajigesanative,4a837950-3f57-4b0c-a56c-998a6238952f,Ruslan Fitrus,batas penarikan saya 500 ribu per bulan,5,2024-10-10
GajiGesa,com.gajigesanative,438e89c3-2c69-4feb-a071-e5fa795e6248,Karlia Ningsih Raddhin,Tidak bisa mengajukan pinjaman setelah 4 bulan,1,2024-10-10
GajiGesa,com.gajigesanative,a5ad9a20-c9a5-4980-b39e-e93813baa75a,Yohanes Nopiyanto,ada pajak ppn dalam setiap penarikan,5,2024-10-10
GajiGesa,com.gajigesanative,55835a56-588a-4dfe-a3e2-12df32b1aad1,Danny Thea,dana bisa ditarik setelah tanggal 25 setiap bulan,5,2024-09-28
GajiGesa,com.gajigesanative,2618cac8-13fd-479e-8340-83351c82b567,RAMHAMITA MAJID,Mantap,5,2024-09-22
GajiGesa,com.gajigesanative,6116136d-c933-45f7-8510-62d094172be2,Rima Melati,pengajuan penarikan saya masih dalam proses,5,2024-09-16
GajiGesa,com.gajigesanative,b19fc352-9657-4a6f-b144-a8e9ea37a121,Anggi nur hawa Anggi,Ini kenapa tidak bisa tarik gaji padahal sudah sudah pada masa transaksi,3,2024-09-15
GajiGesa,com.gajigesanative,6a7a476a-a04f-4188-a995-578facc2eb6d,Fajar Novianto,Sudah masuk masa transaksi tapi gak bisa di tarik gajinya,1,2024-09-14
GajiGesa,com.gajigesanative,87146cfb-041a-4745-b12a-9dc138c02f19,Ilham Hidayatullah96,"Knp penarikan di bulan ke 5 kok lama sekali,pdahal ini sudah tgl 15",1,2024-09-14
GajiGesa,com.gajigesanative,af2a046f-fc60-45e1-b153-7692d1bda676,Android 17,Kalau bisa di buat system cicil biar meringankan pegawai gaji pas pasan,3,2024-09-14
GajiGesa,com.gajigesanative,601cf39e-15be-4b6e-bd4e-82a457ce907e,IKRAM Ikram,"Alhamdulillah bisa membantu di saat kita lagi butuh,kalau bisa limitnya di naikan lagi🙏🙏",5,2024-09-14
GajiGesa,com.gajigesanative,795c7666-414f-44d9-83aa-11049118e57b,Dini Anggraeni,Alhamdulillah membantu..tapi sayang admin terlalu gede.. point ajj ga nambah..,5,2024-09-13
GajiGesa,com.gajigesanative,b71ea6d2-056c-4438-91c7-10a2ba053fbe,Darus Salam,proses pencairan membutuhkan waktu satu hari kerja,5,2024-09-13
GajiGesa,com.gajigesanative,e5355b6e-64eb-45b4-8d7d-ff04f7d8e7ce,Mila Azahra,Sangat membantu dikala emergency,5,2024-09-12
GajiGesa,com.gajigesanative,84a5deea-fa32-4e99-b6fc-27cf7296d68a,M _10,Keterangannya sudah memasuki masa transaksi tapi pas di coba melakukan penarikan sampai 3 hari masih juga belum bisa...,1,2024-09-12
GajiGesa,com.gajigesanative,56b4077e-f571-4c3d-9d54-e8cdb86fcc96,Aulia Safira,Efektif membantu di saat2 krusial,5,2024-09-09
GajiGesa,com.gajigesanative,b3a09fa8-0239-4cb5-984b-3adb368db675,mamir harja,Knapa skrang gak bisa buat transfer ya..mohon infonya..,5,2024-09-05
GajiGesa,com.gajigesanative,2c5c2fda-24ee-4d0b-950f-120fe3b7cded,Haris Simoncelli,"Tidak bisa melakukan transaksi di bulan ke 4, parah.....",1,2024-08-28
GajiGesa,com.gajigesanative,1a9f926c-b73c-457e-8090-0c579b37900c,irwan risdiatama,Kenapa tidak bisa bertransaksi ?? Mohon segera dibenerin dong...,3,2024-08-17
GajiGesa,com.gajigesanative,62565465-2ba9-40bb-bd5f-cd33098e13ee,siti badriyah,Awalnya lancar ..koq sekarang akun gak bisa buat transaksi hub.HRD..yg di hubungi HRD PT nya malah gak ngerti apa apa🤦🤦,2,2024-08-15
GajiGesa,com.gajigesanative,acc45283-49df-4da2-919e-29e3b0c449b5,nueltronika pratama,Perbaikan bug nya kok lama sekali ya.. Belum kelar kelar,4,2024-08-14
GajiGesa,com.gajigesanative,1f7317f3-c008-447a-b877-05d48e774560,Khiran azalia zahira,Sangat membantu jika ada keperluan mendadak. Hanya saran buat pengguna..lebih bijak lah menggunakan gajigesa.. Ambil gajigesa ketika kalian lagi banyak lemburan aja 😁,5,2024-08-12
GajiGesa,com.gajigesanative,961316dc-6544-4e02-a42f-e4a43b6348bc,Tedy Septiawan,Kenapa transaksi saya masih menunggu.....tolong di percepat,1,2024-08-11
GajiGesa,com.gajigesanative,0cfacf0e-0c38-44cf-bbba-b2578ac8428f,Arifin Pratama,Sangat Membatu Di Saat Belum Gajian Ada Kebutuhan Mendakak,5,2024-08-07
GajiGesa,com.gajigesanative,98f8220e-6444-4a7b-ab31-3b2ce6bc4ca5,Nur Widia,sistem menampilkan kode error 404,5,2024-08-05
GajiGesa,com.gajigesanative,264400ee-3567-4faa-8f3f-4946317b7643,Muslim Muslim,Makin kesi makin jelek aplikasinya pitur transfer nya di hilangin..,5,2024-08-05
GajiGesa,com.gajigesanative,abdb3ee9-b509-42c0-b9e2-99f2f8ab1d06,sagar setyawan,Sayangnya tidak bisa di buat sistem cicil... Mungkin klau di buat sistem jjil pasti lebih bagus lagi....,1,2024-08-04
GajiGesa,com.gajigesanative,cc6f5ee8-195b-43dc-9b10-d7fd33d40ae9,Siska apriani Ika,"Aplikasinya berat, terus uang saya hilang 50rb karena error n berat aplikasinya",1,2024-08-01
GajiGesa,com.gajigesanative,be900edb-4989-4188-943f-aa16dc3b698e,Ferdy Pirdaus,Bener² sangat terbantu dengan apk ini .. thanks ga ragu pokoknya mudah ga ribet,5,2024-07-30
GajiGesa,com.gajigesanative,aba9cee4-3f9f-4699-928f-9099b209e261,Hesty Yuliani Putri,Lama sekali untuk approved nya ka ?,2,2024-07-15
GajiGesa,com.gajigesanative,d1b53110-bfa0-4bd0-aa68-8db671e93e54,Christianti Siregars19,"Aplikasi jelek banget, bisa dipake sekali doang bulan lalu. Bulan ini lagi butuh bolak balik cek aplikasi saldo 0, tp cek punya temen ada saldo nya.",1,2024-07-14
GajiGesa,com.gajigesanative,bbbb96d2-23a9-4720-8966-a56d56619cf4,Rembo Power,"Sanggat buruk app nya,, hrd sudah medaftrakan no hp tapi tetap tidak bisa login alasan no tdk terdaftar",1,2024-07-13
GajiGesa,com.gajigesanative,c8f1dad6-f409-43ba-b099-b4baac26d519,Nur Hadi,Sangat oke...tp saat ini nggak bs di gunakan,4,2024-07-13
GajiGesa,com.gajigesanative,fda13adc-4db0-4e08-a29e-099a8e04951d,Ongku DLHK,Berguna ketika keperluan pokok mendadak..mkasih,5,2024-07-11
GajiGesa,com.gajigesanative,b8f9ff0f-9f8f-4483-af90-4b073f0d7127,Abdu Rahman,Good,5,2024-07-10
GajiGesa,com.gajigesanative,55713fde-9289-4289-869a-edd9ab351584,Qianzi Yho77,Aps nya udh g jls..Absensi sdh ssuai dn sdh info ke hrd jg. Tp gasi gesa ttp ksong.,1,2024-07-06
GajiGesa,com.gajigesanative,bc81e758-55c9-40a1-83a2-fb79bffea2c2,Muhamad Mutarip,Sebner nya aplikasi ini sangat membantu namun apakah harus stiap bulan di update trus.. Msa stiap bulan update lagi update lagi.. Whay.??,4,2024-07-05
GajiGesa,com.gajigesanative,eb059753-0c74-4466-8b76-e1b89dfe0e4c,Yanto Sugiyanto,Mantul & luar biasa byk membantu gaesss...😍👍🫰,5,2024-06-26
GajiGesa,com.gajigesanative,ffcc61f4-24a2-4524-9103-9fbda17bd603,Tedi Rohendi,"Aplikasi gak guna, gak bisa di pake pas tangal tua, klo mau tanggal 15 keatas bisa diambil pas orang butuh..",1,2024-06-26
GajiGesa,com.gajigesanative,69fec05b-5c03-42ed-90ac-f31445436831,Firman Sp,Membantu,5,2024-06-24
GajiGesa,com.gajigesanative,36847f62-5831-4781-a177-bfdd09645c6b,chy Chy,Good,5,2024-06-24
GajiGesa,com.gajigesanative,70e56bcd-098e-4b51-adc6-d9a3127f54d1,Erna Wati,Sangat membantu,5,2024-06-23
GajiGesa,com.gajigesanative,dbd6e303-771b-4999-a6fe-5ed0816788c4,Triyono Novi,Bagus,5,2024-06-22
GajiGesa,com.gajigesanative,2448225d-e599-45b6-ac10-8e1714a0c1bc,Sukma Maulana,Mantap,5,2024-06-22
GajiGesa,com.gajigesanative,45f3f525-c8a4-40ef-8966-9982a9824422,Fajri Nurcholis,saya coba login tapi diminta update dulu,5,2024-06-21
GajiGesa,com.gajigesanative,219cf0d9-5ef6-4b60-bbf3-20ada5fd3cf9,Lala Putri,ada update versi terbaru hari ini,5,2024-06-17
GajiGesa,com.gajigesanative,49383c67-04be-4380-b031-12b24737c12e,cah ruet & NDABLEK sugengrahayu,"Tidak membantu,sudah di daftarkan pihak HRD...tapi tidak bisa di pakai....kalo di cek di aplikasi keterangan terdaftar data sudah ada.....hampir tiap bulan hubungi HRD dan ASM ....tetap tidakbisa login",3,2024-06-16
GajiGesa,com.gajigesanative,89a24ba2-15cb-498c-af8a-ea7a08755902,Iyang 1992,Sangat bermanfaat,5,2024-06-14
GajiGesa,com.gajigesanative,bb313bc0-0c75-4717-a7d0-3d3d8ee02b7a,Fiki Dwiyul,Pendapatan ga sesuai dengan pengeluaran nya???saldo 0 terus udah bolak-balik refresh sampai keluar masuk sampai uninstall juga,2,2024-06-10
GajiGesa,com.gajigesanative,118e4244-4cf7-4ca3-81f8-dcdb5e9c5db3,Vickss S,bagus,5,2024-05-27
GajiGesa,com.gajigesanative,0b251518-627f-4cf0-ae0c-befaf01c7469,Hari Moekti,ko no hp tdk terdaftar,1,2024-05-22
GajiGesa,com.gajigesanative,58f9e04e-b00e-44f8-b194-1822670ce62c,Anita Nita13,Udah tanggal nya gabisa di tarik,1,2024-05-19
GajiGesa,com.gajigesanative,e8d57848-008f-4fdd-9727-09765b125ef7,Virgiawan Rizky,Parah 🤣,1,2024-05-15
GajiGesa,com.gajigesanative,56eb3516-0486-4ba5-b9ce-f4e3bfeb4b51,Ozil Wong,"setelah Owner perusahaan melakukan promosi aplikasi kok tiba² aplikasi gak bisa digunakan. Hubungi CS pun hanya disuruh call HRD perusahaan. Entah aplikasi nya yg bermasalah atau perusahaan yg bermasalah, intinya sangat tidak profesional!!!",1,2024-05-09
GajiGesa,com.gajigesanative,6c4b4c57-37f0-453d-a508-33c429cf20e7,Ade Rusmana,"Bagus fitur"" yg dlu sih bisa tarik ke dana sampe 300 bahkan lebih,skrng mksimal 50 rebu.",3,2024-05-07
GajiGesa,com.gajigesanative,13b7a4e8-00fb-4a07-8a43-3efd5cab4420,Winengsih,Sekarang udah tgl 1 tapi tetep tidak bisa di tarik,1,2024-05-01
GajiGesa,com.gajigesanative,e899b1da-77b9-438f-9985-405dfbfb7d2e,zahra channel,Gaji gesa udah bangkrut,1,2024-04-29
GajiGesa,com.gajigesanative,30646769-f099-4cc9-8139-39e22b230535,Dayat Nurhidayat,aplikasi sedang dalam maintenance,5,2024-04-28
GajiGesa,com.gajigesanative,308c94f1-9bd2-4a24-a070-b91eeee0e88b,Nurdin Tarmizi,Terima kasih saya telah bergabung di aplikasi GajiGesa,5,2024-04-21
GajiGesa,com.gajigesanative,459188ca-01be-425b-955e-3da0d42f5046,Febri Amrullah,Aplikasi gak jelaa,1,2024-04-20
GajiGesa,com.gajigesanative,98ad2438-cf95-4bc6-986d-a6f477a90803,dwi Purnomo,Sangat membantu sekalia dengan kehadiran aplikasi gaji gesa,5,2024-04-19
GajiGesa,com.gajigesanative,2f21282b-7c51-4e1b-b20c-41c483b5d4ee,Ibnu Mex,"Setelah baca ulasan sepertinya emang agak gak beres dengan gaji gesia rata""di bulan ke 3 pada gak bisa pdhl apk bagus bisa di manfatkan untuk kebutuhan cicilan dan lain""tapi ini malah bikin pusing tolong di perbaiki lg",2,2024-04-15
GajiGesa,com.gajigesanative,d64b3013-d73f-4858-9fc8-6d3b4cb13204,Ijon mbleeh,Dari hr baik baik saja kenapa masih belum bisa untuk penarikan dan harus menghubungi hr terus,1,2024-04-10
GajiGesa,com.gajigesanative,8f2b95e6-afe7-4048-9cf4-afd02081342e,Zamhari,Setiap mau narik gk pernh bisa padahal narik di tanggal 1. Aplikasi apaan gini,1,2024-04-01
GajiGesa,com.gajigesanative,79fb1e5b-f483-4f40-94d3-eebcf182e5a2,Alinna Cuatomer,Udah tgl satu kok belum ada saldonya sih..terus ada peringatan erorcodes terus menerus,3,2024-04-01
GajiGesa,com.gajigesanative,0f73354a-780a-43f2-9d90-1bce100d7567,Riyan yuanda Riyan,Akun gajigesa sya SDH aktif tapi blm bisa transaksi bagaimana ini,1,2024-03-31
GajiGesa,com.gajigesanative,fc5f8fcf-f053-4934-bf79-392d86e3f339,Lesti Candak,"Maaf pa saya mau kompirmasi aja kenapa saya gk bisa tarik gaji sekarang biasa.a bisa tolong di bantu pa, kata suruh hubungi HR supaya di cek akun dlu gtu mohon bantuan.a",5,2024-03-20
GajiGesa,com.gajigesanative,2b1e116b-14c1-4aee-8092-5c3f64a79bae,fani dwi,Tiap minggu update apk terus,4,2024-03-16
GajiGesa,com.gajigesanative,653bff98-28bd-45c8-8e96-41a58e05d6ca,Arma Yanti,Pas buka error knpa min,2,2024-03-15
GajiGesa,com.gajigesanative,76ba61da-a126-4678-af4f-640ec8139c1e,Bayu Setiawan,"Bagus ,tapi untuk bulan ke 3 susah untuk penarikan",5,2024-03-14
GajiGesa,com.gajigesanative,0232947a-e770-4fb4-b903-e5a105dcbd89,Veri Irawan,"Makin kesini makin aneh gaji gesa, gk kayak awalan. Mentang"" udahh banyak yg gunain kali yak, malah jadi aneh",1,2024-03-14
GajiGesa,com.gajigesanative,867a269e-142f-4f81-b241-e5c685628532,Edy Purnomo,"Jelek banget , suka eror",1,2024-03-14
GajiGesa,com.gajigesanative,bd08f8a1-67d0-4b29-978a-13f76da7c19e,Muhammad Al hafis,Makin kesini makin ngga jelas baru awal penarikan sudah ngga bisa sudah hubungi CS ngga ada respon menghubungi HRD suruh tanya CS,1,2024-03-11
GajiGesa,com.gajigesanative,00ea4903-f31a-4be8-b727-e3d791373a31,Andi Sopian,Yes pokonya namah,5,2024-03-09
GajiGesa,com.gajigesanative,b95114c8-f7e6-435f-b175-fb261adf30b2,Vina 01Anisa,Untuk adminnya tidak ada tanggapan,1,2024-03-08
GajiGesa,com.gajigesanative,4298669c-a9bd-480a-a1e0-88ff32f48c0f,domi lani23,Terima kasi sudah mebantu keluhan saya,5,2024-03-05
GajiGesa,com.gajigesanative,cfaa2b0f-5560-4131-9fc7-598f440859ae,Airlangga Wisnu Wardhana,"Astaghfirullah saya gak pernah narik gajih saya loh akhir bulan kenapa tiba² di transfer otomatis sih, kejadian udah 2 kali",4,2024-03-01
GajiGesa,com.gajigesanative,b1274ef2-b36d-44dc-8a2a-4b2966f57db9,Akmal Daffa,"Pelayanan sangat lambat, slow respon",1,2024-02-29
GajiGesa,com.gajigesanative,8e4b9080-8b74-4300-8e64-3ac375a1f26f,Sigit Sulistyo,Baik.,5,2024-02-28
GajiGesa,com.gajigesanative,7e5c6469-3d55-4a60-91c2-2cfd2e66fe55,Ujang Suryana,Sgt membantu keuangan di saat tak punya uang,5,2024-02-24
GajiGesa,com.gajigesanative,5036a0cf-12be-4155-bc82-ba795dcc9396,Been H,Sangat Membantu sekali buat karyawan kalo lagi ada kebutuhan mendesak . Terimakasih GajiGesa,5,2024-02-23
GajiGesa,com.gajigesanative,684d5052-7729-4f16-b5d2-bddce9ed8c9f,YOGI PIRMANSYAH,"Awal Nye Membantu Lama"" Gaji Ketagihan Dan Minjem Trusss",3,2024-02-18
GajiGesa,com.gajigesanative,800dc9b0-5cfb-4b1c-bab3-59cdee3ac8f2,Sueb Sejati,Aplikasi sudah cukup bagus... Kembalikan fitur-fitur seperti sebelumnya... Gaji biasanya sudah turun pada pukul 00:1 dini hari kenapa sekarang jam 00:4 pagi mohon itu saja sih yg lainnya tidak ada kendala...,5,2024-02-18
GajiGesa,com.gajigesanative,47ac2982-ba56-4e05-8632-9f93d5531517,Kahfi Jajang,"Dari HR baik baik saja, terus dari aplikasi tidak bisa penarikan harus menghubungi HR, ini siapa yang bener siapa yang salah, awal awal bisa 2 bulanan, tapi sampe sekarang udah ga bisa, mohon penjelasannya",1,2024-02-15
GajiGesa,com.gajigesanative,a3087490-230a-4022-a90c-7391e8c3096d,Endang Wijaya,Oke,5,2024-02-14
GajiGesa,com.gajigesanative,992ff320-a97c-48cc-99fa-4416257b6185,Asnawi Hutabarat,Sehari 5x update,1,2024-02-14
GajiGesa,com.gajigesanative,a8efa202-bec1-4d1e-9f76-037d3843a792,Denis Dzikra,Cuma bisa di pakai di bulan pertama doang setelah bulan berikut nya tidak bisa bertransaksi silahkan hubungi HR ..!!! Gajelass ...,1,2024-02-12
GajiGesa,com.gajigesanative,5d8bfd44-a3c9-4c7a-bf07-1cc481262c9f,Andri Setyawan,Masa udah 6 hari gaji saya ga nambah gmna itu hadehhhh live chat wa sgala macem bls nya robot trus copy paste bukan nya ditanganin langsung,1,2024-02-12
GajiGesa,com.gajigesanative,2a748de6-fd50-4db7-a199-85e2093bed58,Bakrudin,"Bagus sih aplikasi y, cuma sayang cuma di awal ajah bisa pas bulan ke 3 ke 4 susah ga bisa lagi penarikan",4,2024-02-11
GajiGesa,com.gajigesanative,8eae26ea-2434-494e-8e40-95e7b2fd22b3,Erik Prabowo,Apaan cuma gara2 warning gak bisa ambil gaji gesa,1,2024-02-10
GajiGesa,com.gajigesanative,9aee40aa-1e1d-434c-9206-2defd2a7e456,seitz video,"Ga jelas aplikasinya, ribet narik gaji, padahal gaji gaji kita, somplak",1,2024-02-10
GajiGesa,com.gajigesanative,e87364d7-2d9a-4170-804b-fd9c91aadbf5,Yunita Rachma,Sangat membantu saat butuh uang tp blm gajian,5,2024-02-10
GajiGesa,com.gajigesanative,52252c82-704e-4069-b86e-5bd60985e084,anang priyono,Mantab,5,2024-02-09
GajiGesa,com.gajigesanative,8c25456d-ae74-42e0-aaa4-6c04d1d625b1,Agus Soleh,"Mantap, sangat membantu, terima kasih.",5,2024-02-09
GajiGesa,com.gajigesanative,db34f238-f88e-4dd6-96c4-7e23308abc43,Gustian,"Tidak bisa bertransaksi silahkan hub HR ,kata HR ""sedang maintenance ditunggu aja"" dari tgl 02 febuary sampai tgl 09 febuary maintenance apaan ?padahal gaji udah dipotong pas butuh gak bisa bertransaksi dan tarik gaji ,,,ini si namanya bukan makin mudah tapi makin suram",1,2024-02-09
GajiGesa,com.gajigesanative,9b7a1ade-40bf-4914-9be6-a1201a74ed50,Areksa 3105,Membantu bnget,5,2024-02-08
GajiGesa,com.gajigesanative,92062c43-c9a1-40bd-bfaf-50ea5608ca59,Eman Rustaman,Sangat membantu,1,2024-02-07
GajiGesa,com.gajigesanative,1557a016-d6b4-490e-af4b-17a888650651,Muhammad AkbarNs.,Awal nya bisa narik yang ke 2 kali malah gabisa GJ,1,2024-02-05
GajiGesa,com.gajigesanative,f5f7d57d-388b-47ed-932c-f53a49619b1e,yudien dien,Gak bisa narik.. harus hbungin HR .... gak jelas ini apk.... 😡😡😡😡,1,2024-02-04
GajiGesa,com.gajigesanative,f8eaf7e4-c573-4921-b52f-cf7850cd7091,Sardit Marfat,"Menurut saya ini gak fleksibel, di setiap menarik gaji timbun notif silahkan hubungi HR, dan HR saya tidak ada masalah, 97% karyawan mengeluh, sepeti tidak di anggap keberadaan di perusahaan, bahkan HR yg jadi korban dari pertanyaan para karyawan, berarti dari pihak gaji gesa yg memanfaatkan, masa mentenance sampe berbulan2 molor mulu, apk ini kan untuk mempermudah karyawan yg membutuhkan dana disaan sebelom gajian, report aja kali ya,. Tkutnya banyak korban lagi, gaji gak sempurna keterimanya.",1,2024-02-02
GajiGesa,com.gajigesanative,e863f97d-60c5-4588-856b-e537b4c41d3f,Dedi Arifin,"awal ny lncar bisa narik gajih pas bulan ke 2 susah bngt,",4,2024-02-01
GajiGesa,com.gajigesanative,72032b48-5ac0-4d41-9459-366be0221ac6,Risman Setiawan,sangat membantu untuk para karyawan yang sedang membutuhkan dana dadakan.. terimakasih gajigesa 🙏🙏🙏,5,2024-01-31
GajiGesa,com.gajigesanative,ff6ebea9-e953-44a3-90d1-470bee8dce06,Kang SalLman,"Udah 2 hari apa 3 hari sekarang gitu, kenapa yah limit gaji saya ga bertambah? Kok tetep² aja, mungkin ada yg sama ngalamin?",1,2024-01-31
GajiGesa,com.gajigesanative,a8f0301f-c967-40e9-a1df-99ae59584949,Rafly Nuryaman,"Tidak bisa menarik gaji, kita semua pegawai kantor sudah sepakat jangan lagi pake aplikasi ini.🖕🙏",1,2024-01-29
GajiGesa,com.gajigesanative,64a70c2c-273a-4bc1-9987-62440c223312,Al Ngabun,Gak helas memang,1,2024-01-25
GajiGesa,com.gajigesanative,ef9cc78d-b3be-4092-9f92-5a8a2e298c35,Barja Anser,Ini kenapa sama aplikasi gajigesa..dari kemarin mau narik gajigesa gak bisa..padahal masa transaksi nya udah pas tggl 14,1,2024-01-15
GajiGesa,com.gajigesanative,641c70d3-ce36-41de-88c8-5d22f48fbcfe,Jon Non,Pion nya tidak naik tetap 20ribu saja... Kecewa!!!,1,2024-01-14
GajiGesa,com.gajigesanative,a1a9f7f7-b846-40e9-bd25-668a1f2d4646,yayan sudjani,tidak bisa melakukan penarikan gaji harus menghubungi HRD,2,2024-01-14
GajiGesa,com.gajigesanative,28c24ca6-b017-4c44-a20b-0c5d61ff74be,wong perantau,Ok,5,2023-12-24
GajiGesa,com.gajigesanative,9914149c-638f-4fd9-b257-e3e3416b9c47,Seva Aliandro,Setelah di update ko jd ga bisa masuk akun payah,1,2023-12-06
GajiGesa,com.gajigesanative,fe373340-3c33-4239-bb27-de4cc5c51bd9,Mhmmd Aldy,layanannya Slow respon,1,2023-12-06
GajiGesa,com.gajigesanative,d58c2f97-a4ff-4340-a7ec-e1e6aa08e7fd,Husni Satria,Hebat,5,2023-11-22
GajiGesa,com.gajigesanative,18237270-7b9b-4a66-9120-7ae8b1ccf6c5,syila alpens,Eror mulu.tp notif ada bae. Aneh . penarikan blm mask notif pemberitahuan nya msk...mask penarikan hrs sebelum jam 18:00.. jelek aplikasi...jgn pake dah,1,2023-11-13
GajiGesa,com.gajigesanative,12894a7e-2dae-4946-902e-85434ca25c3c,Juli Saputra,GX bisa di intal,2,2023-11-12
GajiGesa,com.gajigesanative,579a2b39-4321-4427-8492-0a629e8145c9,Felix Zchorp,Aplikasi g berguna setiap habis off tiba² limit gaji g ada. dsruh konfirm ke hrd prushaan hasil ttp sj nihil,1,2023-11-10
GajiGesa,com.gajigesanative,6d8720eb-188a-4364-8a1e-f34a453cc71d,Masemas Jawa,Gabisa di pake buat beli pulsa,3,2023-11-09
GajiGesa,com.gajigesanative,8aff3f1c-10da-4801-92e2-7b9c650cbfad,ABI LUKMANSYAH,Good,5,2023-10-10
GajiGesa,com.gajigesanative,e726f2e1-c876-4e66-af73-35bb8b6efea9,Arif Budi Santoso,Sangat membantu disaat ada kebutuhan mendesak tanpa harus kasbon ke kantor,5,2023-09-20
GajiGesa,com.gajigesanative,746721b7-05e0-4590-8b3f-57d5710b66b3,Taryana 2424,Baik tuk menutupi keperluan mendadak,5,2023-08-27
GajiGesa,com.gajigesanative,6bf32d8d-48e5-4bff-a925-1f357f55eae0,Jerry bond,Ok,5,2023-08-15
GajiGesa,com.gajigesanative,a7443408-581c-4246-b283-43fa38ade732,dudi rukhdiana,Luar biasa sempurna,5,2023-08-07
GajiGesa,com.gajigesanative,e4f519c7-e99c-4eb0-b12e-b20306e4ad8d,Ajat Schatzy Official,biaya admin nya terlalu gede kak. untuk yg lain nya so far so good 👌,5,2023-08-06
GajiGesa,com.gajigesanative,56118a35-05e8-4a4e-a935-afa594df0d0e,Pik Opik,Sangat membantu dng adanya apk ini..saat butuh dana mendadak...,5,2023-08-05
GajiGesa,com.gajigesanative,ef961a57-5fdf-403e-85fb-851a3d5fc6b0,Muhammad Akbar,Sangst membantu trimakah orang baik,5,2023-08-05
GajiGesa,com.gajigesanative,fe69fa45-2a96-42d0-ac1a-23207464442a,Urip Suharyanto,saya menunggu balasan dari customer service,5,2023-08-04
GajiGesa,com.gajigesanative,00eb04d0-2eb5-4700-85ff-b031c3bd357c,Dani Kolo,Mantap,5,2023-08-04
GajiGesa,com.gajigesanative,52e29f44-35c3-485c-b5d3-47f3715e6014,mulyani dewi,"Lebih cepat,mudah dan fleksibel",5,2023-08-04
GajiGesa,com.gajigesanative,58088fe7-d6c0-4a21-a8c2-7420258be5b3,Sandre Aja,Sangat membantu,5,2023-08-04
GajiGesa,com.gajigesanative,03de9b68-970e-45f5-be3e-1570fe10e225,Lexs Brow,sangat membantu jika ada keperluan yg urgent,5,2023-07-25
GajiGesa,com.gajigesanative,0e781ae5-6007-4bfd-97ba-8b271ead374a,Imam Lukmanhakim,Keren aplikasinya,4,2023-07-07
GajiGesa,com.gajigesanative,21a13a0d-f153-41dd-9074-f7e01e930193,Sabrang Satu,Ada nomor wa yang bisa di hubungi...,5,2023-06-30
GajiGesa,com.gajigesanative,e17f0f83-5cc0-4f1d-9d5c-a75eaf4aac42,Samuel Andro,Sangat Membantu Disaat Lagi ada Kebutuhan Hidup👍,5,2023-06-17
GajiGesa,com.gajigesanative,f0a2864c-fa31-424d-b476-a6b32039fdfb,ello rachman,Bagus,5,2023-06-15
GajiGesa,com.gajigesanative,a3678750-8dff-4a5f-8819-f3febca8827c,Abdan Khairurrahman,tim support akan memproses keluhan saya,5,2023-06-15
GajiGesa,com.gajigesanative,3923ad7f-3402-41b4-aebe-174b8326622c,Ade Saputra,Bingung cara updatenya,5,2023-06-11
GajiGesa,com.gajigesanative,27cd9438-059f-4aad-af07-5eca3893a0c0,rofi marlien,percuma ada limit tapi tidak bisa dipakai karena sudah tidak kerja sama lagi,1,2023-06-06
GajiGesa,com.gajigesanative,be042a80-4f43-4a79-853c-bda2c180ee31,Nengah Suryanta,Sangat membantu disaat membutuhkan dana dadakan,5,2023-05-21
GajiGesa,com.gajigesanative,e4410abf-817e-43f0-9359-9d56477d8b65,Nabila Andini,Sangat membantu,5,2023-05-19
GajiGesa,com.gajigesanative,b0dc06fb-ea07-4ae5-bda7-36e1bb828d43,Mikael Rival,Qo sekarang ga kaya yg lalu lalu ya pengajuan langsung cair Ini masih harus nunggu Berapa lama nunggunya,4,2023-05-14
GajiGesa,com.gajigesanative,598f51f0-5232-40f5-83e2-439fce491b5c,Oding Ihin,Kenapa tiap bulan limitnya selalu berkurang??,3,2023-05-09
GajiGesa,com.gajigesanative,2fe3e3ef-3dba-445c-a820-5b4d6b5d8201,zul efendi,Gajigesa sangat membantu disaat lg butuh uang darurat sebelum gajian. Tapi kalo bisa biaya adminnya jgn terlalu mahal.,4,2023-05-09
GajiGesa,com.gajigesanative,8b29c992-083e-475c-8a54-fddd2b7f592f,Khaerudin Heru,Terimakasih dengan adanya sistem tarik gajih lebih awal saya terbebas dari hutang sana sini ... Hehehe,5,2023-05-08
GajiGesa,com.gajigesanative,7ef1adb1-f211-4214-bc5f-74880e9280a5,Fachrudin Aru,Cepat tepat mantap,5,2023-05-08
GajiGesa,com.gajigesanative,9bac96f8-98a8-4e4b-bc19-3f3ad63c88dd,Wiwin Winarti,Ok bgt sih,5,2023-05-07
GajiGesa,com.gajigesanative,f5ff8c66-b8c5-41f4-86f5-edfa8515af89,Riyan Setiawan,Tanggal penarikan selalu berubah2,1,2023-05-06
GajiGesa,com.gajigesanative,2f3ee2c6-0bf0-4578-961f-893847e94a32,Widi Saputra,"Sangat membantu, tolong sediakan komunikasi lewat online seperti WA atau appun agar lebih cepat pengaduan nya Terimkasih",5,2023-05-04
GajiGesa,com.gajigesanative,865bfc9a-1631-4102-836a-67da1c6a8104,DIRGA DOCH,"Saya sudah tarik gaji sekarang tetapi kenapa statusnya Menunggu, tidak langsung berhasil seperti sebelumnya? Apakah ada kendala atau apa lah mohon bantuannya",1,2023-05-01
GajiGesa,com.gajigesanative,d7a6f833-f0ee-48dd-93bd-59a451ddc7ae,Ahmad Fauzi,🤑,5,2023-04-02
GajiGesa,com.gajigesanative,efe18f76-294d-404c-b81a-e2f241cdae95,Erwin M Mardani,awal doang cepet proses nya kesini-kesini lama,1,2023-03-28
GajiGesa,com.gajigesanative,17f42999-2671-41fe-af0d-e310be51e01a,Tri Erlangga,"Adain fitur login by email dong,login 2 2 nya via SMS/wa ya kalo nomer ga aktif ga bsa di pake ,ngurus suruh ke HRD ,HRD mana mau ngurusin bgnian",1,2023-03-21
GajiGesa,com.gajigesanative,0f12b94d-7ffd-463d-b41e-d0cc7ef75c10,ilyas ajah,"Apaan aplikasi eror Mulu , mending hapus aja aplikasi kalo gabis digunain",1,2023-03-16
GajiGesa,com.gajigesanative,ba0fb316-0762-4c3d-aacf-11e95c96dc3d,Eko Prasetyo,"Buruk, kenapa kalau mau narik selalu keluar sendiri",1,2023-03-16
GajiGesa,com.gajigesanative,10a0422e-bca9-49f5-8886-b04e2fc786c8,Ray Salo,Aplikasi nya tambah ngak jelas. Udah mintak di wa udah mintak di sms kode nya. Tapi masih juga ngak masuk. Di tambah setiap kali gagal memintak kode otp harus nunggu 1 jam. Kalau darurat kerumah sakit nunggu 1 jam keburu masuk kuburan dari pada nyawa terselamat kan. Maaf saya kasih bintang 1 karna aplikasi nya tidak bagus,1,2023-03-08
GajiGesa,com.gajigesanative,6cdd24a8-1a0c-4675-9de5-302b77b68cf8,Didi Pribadi,Apk yg bagus & sangat membantu.. terima kasih gaji gesa,5,2023-03-03
GajiGesa,com.gajigesanative,b9348fce-46be-4c11-b6dc-1c4180bd2009,rudy winarso,Semakin good,5,2023-03-01
GajiGesa,com.gajigesanative,26840407-1b0c-46e3-8f9b-ebe30f78cd81,Reitzu Demas,Tetep saja harus tunggu info saldo dari perusahaan baru bisa tarik... Mendesak ky gini masa harus menunggu... 2bulan nunggu loh.. Malah berbulan².. Ada limit cm angka sj. Masa HRD gapeka.. Karyawan pada teriak blom gajian,1,2023-02-26
GajiGesa,com.gajigesanative,f789a208-8dd4-4fb1-8bb6-11c0225f6093,tengku arie,Sangat membantu . Tp Minggu ini gak bisa narik gaji,5,2023-02-10
GajiGesa,com.gajigesanative,97fbbedd-567d-493b-ac9b-cc31f4407434,Mahdian Stwn114,saya sudah hubungi cs kemarin,5,2023-02-10
GajiGesa,com.gajigesanative,5d539ee2-b993-4c29-a722-d91ef1210dde,huddin hadi,Bagus,5,2023-02-10
GajiGesa,com.gajigesanative,2352aa92-8982-4a59-856c-46296d392260,Apriatna Yatna,cs bisa dihubungi lewat whatsapp,5,2023-02-10
GajiGesa,com.gajigesanative,5027c76a-9130-42da-a048-672d85c94271,renaldi Inald,Terbaik pokonya dikelasnya,5,2023-02-09
GajiGesa,com.gajigesanative,a25d68a9-cfd7-4429-9580-27945f79ee67,Mahmudi Saja,Mantaap,5,2023-02-09
GajiGesa,com.gajigesanative,63ccfc7e-3f1f-4cf0-9ad9-3f0bbcf2c42a,little queen,Good,4,2023-02-09
GajiGesa,com.gajigesanative,b171f916-f449-4479-ab09-5f4b6182f9c1,arya sumpena,Mantap,5,2023-02-09
GajiGesa,com.gajigesanative,43b14c67-f874-472e-a375-df8c29f21a65,Radi Yanul,"Membantu di saat mendesak,,tpi sekarang agak ngaco suka gagal",5,2023-02-09
GajiGesa,com.gajigesanative,40fdcb64-b512-4814-a889-94fb9f8605ce,Udin Din,"Sama skali g bisa tarik gaji,prcuma ja",1,2023-02-09
GajiGesa,com.gajigesanative,a59fa20b-ed6b-49b1-a3d4-eb61aca7d5ab,Ismi Roslandi,Keren dan membantu,5,2023-02-09
GajiGesa,com.gajigesanative,f4032141-2efc-4ffc-bcc9-36802e38e7ab,mahmud mahmudin,Aplikasi yang sangat bagus Bisa membantu saya..,5,2023-02-09
GajiGesa,com.gajigesanative,7aa4a29b-5b05-46ba-999e-9d0424d54fa2,Ricet Sembara,Aplikasi yg sangat bagus Respon cepat Semoga limitnya ditamba lgi,5,2023-02-09
GajiGesa,com.gajigesanative,56a8968e-b1e8-4cc9-ba68-80f779a0a806,Rudianto,Sangat membantu,5,2023-02-09
GajiGesa,com.gajigesanative,dd57efb0-7974-4d70-8fe3-716e7669b079,Tedi Sukmana,Oke,5,2023-02-09
GajiGesa,com.gajigesanative,c0c57a32-4fc0-48dd-b97b-3dc45cbea3b4,Yunus Bani,Mantab penolong di saat lagi alami kanker alias kantong kering😂,5,2023-02-09
GajiGesa,com.gajigesanative,4332a961-72b7-4ef0-8933-71d6fa962c93,Subadi Subadi,Opsi lumayan,5,2023-02-09
GajiGesa,com.gajigesanative,1afac43c-5f0d-4f4b-bfce-f4266a6e5114,iik sugandi,Ok,5,2023-02-09
GajiGesa,com.gajigesanative,ff747fb1-2cbb-44d7-a494-9a2d8476b6e2,Tara Okto,Sangat membatu,5,2023-02-09
GajiGesa,com.gajigesanative,a46ba596-b31e-40af-b274-0b15c7fdd02f,Dimas Fikrianto,Pengajuan gajinya ribet,1,2023-02-09
GajiGesa,com.gajigesanative,6916aa8a-73b0-4a23-97e7-a8eb6c490726,AFRIAN RIAN,waktu tunggu untuk terhubung dengan cs di jam sibuk memang lebih lama dari biasanya tapi setelah terhubung pelayanannya cukup baik mereka mendengarkan masalah saya dan mencoba memberikan solusi yang relevan,4,2023-02-09
GajiGesa,com.gajigesanative,acb2c4d3-cc52-4c2a-bc95-46c40a00fec2,Ade santoso,Sangat membantu sekali,5,2023-02-09
GajiGesa,com.gajigesanative,0f46b5d6-6c83-4e59-a48d-7fbcfd3a806f,Syamsul Rizal,"Ga bisa di tarik ,tpi saldo berkurang parah",1,2023-02-08
GajiGesa,com.gajigesanative,ff3e61e7-2ccb-49e2-afa5-5f3fb7edd633,wynners groenewald,Mantab cair nya lebih cepat,5,2023-02-08
GajiGesa,com.gajigesanative,e69c6879-edf9-4d36-b114-11095cfc6840,Dian Permata utami,"Payah......transaksi harus jam kerja, proses nya lama, admin slow respont",1,2023-02-05
GajiGesa,com.gajigesanative,99ec3947-261d-43fd-bc5f-23e806fba739,Chaenur Mustakim,Kenapa nih aplikasi gajigesa tiba tiba keluar sendiri dari akun,1,2023-02-03
GajiGesa,com.gajigesanative,091f9503-fc82-4de8-87fa-3757e331bf27,Guzell Salon,"Terlalu sering eror banyak bug, pembaruan yang gak jelas aja di pentingin",1,2023-02-02
GajiGesa,com.gajigesanative,549b16f4-dbf9-4474-b780-01caf8465def,Taswin Wahyu,Aplikasinya cakep nih,5,2023-01-28
GajiGesa,com.gajigesanative,b6adedb2-f11f-40fa-9dc4-2250f787b9cc,Romy Schneider,Mempermudah di access,5,2023-01-28
GajiGesa,com.gajigesanative,d6b79a3d-3e1f-4488-a260-021d7128db23,Sigit Teguh Wibowo,Bagus,5,2023-01-28
GajiGesa,com.gajigesanative,a57f6e71-d45d-4a6e-b74c-417f4d2a482d,Sutarman Tarman,Mudah diakses,5,2023-01-28
GajiGesa,com.gajigesanative,ad2fa647-262c-46c1-aac2-90f23003c8e5,Masruri,Bagus mudah di akses,5,2023-01-28
GajiGesa,com.gajigesanative,512e950a-7256-4c00-a5af-c7dd37e2acff,agus santoso,Mantab,5,2023-01-28
GajiGesa,com.gajigesanative,b34651d5-2ad4-4a1e-b572-6ce2da541399,Deasy Fahri,Bagus dan mudah di akses,5,2023-01-28
GajiGesa,com.gajigesanative,a9a33069-d191-46e7-bd92-9d5c4e304605,Anton Kinan,Mantap keren gaji gesa,5,2023-01-28
GajiGesa,com.gajigesanative,abd5d0c2-beb7-4f9e-976f-4eedfd5e17a2,Techno Sutikno81,mantaaabbb...semuga sukses dan kerrreen abiz,5,2023-01-28
GajiGesa,com.gajigesanative,fe25fdc0-c9cb-4563-8e7b-1fd658d98fa7,Dwi Indah S,"Baru dong join ,,, semoga bisa di gunakan ya ,,,",5,2023-01-28
GajiGesa,com.gajigesanative,ddddc689-8988-4f85-9d91-da02aa416518,Gatot Gtw,Mantap,5,2023-01-28
GajiGesa,com.gajigesanative,b4737785-b968-4b72-b024-53ab2c6a7437,laela anggraeni,Gaji gesa oke banget,5,2023-01-28
GajiGesa,com.gajigesanative,29d9dcf2-339f-4d95-9643-57b029e6540a,Dicky Jabrik,Bagus mau di aktivin lagi,5,2023-01-28
GajiGesa,com.gajigesanative,6f7efd0a-2bd1-4204-a887-8a19d9fba730,Jupriyana Andri,Nyaman dan terpercaya,5,2023-01-28
GajiGesa,com.gajigesanative,0ef5c8e9-503f-4daa-822c-e54f65cdd98f,Irawan Irawan,Alhmdllah.. mmbantu kbtuhan yg mndsak..👍,3,2023-01-20
GajiGesa,com.gajigesanative,a2ad7481-ad20-434e-80e5-2639b0c498c4,Ines Lestari,"Saya pertama kali pake aplikasi lumayan membantu buat kehidupan sehari"" . Tpi buat penarikan 2x masa iya harus hubungi hrd . Percuma jg ada limit tpi gk bisa ditarik",3,2023-01-18
GajiGesa,com.gajigesanative,2ae6d8a1-613d-40e6-a476-0f0ab7b95f62,Sucisa'baniyah Baniyah,Ga jd kasih bintang lima tiap bulan kl di buka aplikasinya daftar lagi pake nomer hp...ribet.tolong kl dah masuk ga usah tiap bulan masuk kaya baru lagi..kl kartunya yg didaftar masih aktif kl ga aktif,1,2023-01-15
GajiGesa,com.gajigesanative,03808968-c283-4f79-92db-156e8d6ad50b,Serpo Palangkaraya,Sangat membantu,5,2023-01-14
GajiGesa,com.gajigesanative,5fe7ff17-2ed0-4bd0-9dd0-4fc41b4b8fda,Muhammad Bambang,Ini gimna dah sampe sekarang blm jga ad limit tunai ya udah coba buat hubungin pihak cs ya tapi kgk di bls biasa ya tanggal sgini tuh dah ad limit ya,4,2023-01-12
GajiGesa,com.gajigesanative,9f24625f-0477-47da-a950-6aa4149a570b,Siti Rosmelia,Aplikasi gk berfungsi. Cuma notifikasi doank muncul mulu. Perbaikan trus gk bener2 🤣,1,2023-01-12
GajiGesa,com.gajigesanative,31a7a327-da48-4250-801f-119b819f1e3d,Qnoy Andini,Baru sya mau tarik dana.cuma jeda 1 jam langsung 0 rupiah,1,2023-01-10
GajiGesa,com.gajigesanative,61266b7e-00f4-4254-b85c-9f9ede53072d,Henanda angga nugroho,Aplikasi baik...tapi harua nungggu lama klau mau ambil uang...gk kaya makari,3,2023-01-08
GajiGesa,com.gajigesanative,7bf0ea60-9486-4512-81dc-ad46be7b9020,Jaka Putra,Aplikasi jelek....disitu tertera tgl btas penarikan.tapi pas ditarik kok gk bisa...hapus aja kalo gk berfungsi no aplkkasi.,1,2023-01-04
GajiGesa,com.gajigesanative,e1eeef0e-4aae-4448-a1be-4f74af953a56,Yuli Kurningsih,"Mantap , saya jadi gajian tiap pagi ... 😁",3,2023-01-02
GajiGesa,com.gajigesanative,cdc0e179-382b-477f-a395-d8b574dcebfd,rosa yusria,G bs dpake lagii..sdh brp kali errorr...awal2 pake gretoong aplikasinya ee skrg hrs bayar cuuyyy...,1,2023-01-02
GajiGesa,com.gajigesanative,5ffe07a3-b99f-442f-9c32-b0e4e857d25f,Wahyu Krisna,Ini udah tanggal 1 tapi aplikasi masih blum bisa narik otomatis,2,2022-12-31
GajiGesa,com.gajigesanative,0b92abe5-ffb0-4111-9236-0323f3ac2176,robbi aripin,"BUAT KALIAN YANG PUNYA SALDO POIN, SEGERA DI TUKAR ATAU DI CAIRKAN! SEBELUM HANGUS SIA SIA SEPERTI POINT SAYA! POINT SAYA HANGUS KARENA AKUN DI NON AKTIF KAN ATAS PERMINTAAN HR PADAHAL HITUNGAN NYA SAYA MASIH CUTI TERAKHIR DAN HITUNGAN MASIH KARYAWAN HINGGA AKHIR DESEMBER. TIDAK ADA NOTIFIKASI DARI HR MAUPUN PIHAK GAJIGESA SEBELUM NYA SOAL POIN YANG AKAN HANGUS/PIHAK GAJIGESA SUDAH LALAI TIDAK INFORMASI KEPADA SAYA UNTUK NOTICE PERIHAL AKUN AKAN DI NON AKTIFKAN. NOT RECOMMENDED!!!!!!!!!!!!!!",1,2022-12-28
GajiGesa,com.gajigesanative,b6ee77c7-1887-43a3-bd29-5d7b6945724e,budi rahmat,aplikasinya lemot. ngga bisa respon 24 jam. perbaikan data base ngga jelas. lama. masa nunggu jam kerja.,1,2022-12-07
GajiGesa,com.gajigesanative,68612262-1f52-4d91-aed1-2c2bdea51f3f,Daryanto saputra,Keren,5,2022-12-05
GajiGesa,com.gajigesanative,7402695f-03d4-4798-bcac-b0de2afe2cc5,Warung Serba,Sangat bagus,5,2022-12-04
GajiGesa,com.gajigesanative,5a8fe803-4312-4a4e-9deb-28b76292bbb5,Ririn Juliyanti,Kecewa sma gajigesa krna udh ga bsa pinjem duit gaji lg,1,2022-11-20
GajiGesa,com.gajigesanative,640e1e0f-f407-4364-8d0b-0d0c05cf9a57,Raihan Cahtra Rizqy Prian Pratama,Rekomendasi App,5,2022-11-17
GajiGesa,com.gajigesanative,3181c409-f6d7-412e-93dc-020f8d1d6428,Yana Maulana,ada fitur verifikasi otp saat login,5,2022-11-13
GajiGesa,com.gajigesanative,06667cb7-55e5-4512-865e-df41b5fa16e3,Bahrudin din,Klu bisa limitnya di tambahin,5,2022-11-12
GajiGesa,com.gajigesanative,de54bdcb-e821-48d9-b3c8-92802a9d5581,Riyan Ary,"kok di blokir akun saya, padahal dari pihak kantor tidak ada masalah. kenapa akun saya di blokir. padahal berguna sekali buat kami.",1,2022-11-05
GajiGesa,com.gajigesanative,65d1f966-2253-4ec3-a87a-f204c67e2629,anis mamarosyada,"Aplikasi tidak bisa di gunakan dengan alasan akun terkunci ,jika tidak ada gunanya jangan berikan angin surga kepada karyawan",1,2022-11-03
GajiGesa,com.gajigesanative,3d809918-0154-474e-b2fb-0ca959ce640b,Masril Novies Mondra,Saya tadinya mau kasih bintang 5. Tetapi tadi pagi saya coba tarik tunai. Sdh hampir 2 jam koq belum masuk rek.saya ? Ayo dong apps.baru dijaga performanya. trims,4,2022-11-02
GajiGesa,com.gajigesanative,fcafcbb6-4e9c-4884-b5b1-a23eb568d9f2,Heri Budi,Sangat membantu bgt,5,2022-10-29
GajiGesa,com.gajigesanative,c61fc4c2-a1b8-4904-91d1-b0bda97c2f9b,Saokhan Rohyandi,Aplikasi udah ga jelas limit juga ga jelas padahal udah 1 minggu masih aja belom update limit tolol,1,2022-10-19
GajiGesa,com.gajigesanative,7fc38f43-c0f2-458a-a009-3e3f806cee27,Ha Mu,giliran butuh eh di matikan dlu sama perusahaan amsyong,3,2022-10-17
GajiGesa,com.gajigesanative,b016b580-88c9-4a92-b156-5106efffd54e,Ningsih Three,kenapa akun sya ke log out...pas log in malah ada keterangannya belum terdftr.kan aneh,1,2022-10-15
GajiGesa,com.gajigesanative,261d263a-1a3c-4bb6-8211-e20cd61984fe,Diana Faqot,"Sumpah gaje bngt aplikasi nya. Tgl 14 itu limit nya 230 pas pngn di tarik nunggu tgl 15. Pas besok nya pngn narik, eh limit nya 0. Ga jelaaasss",1,2022-10-15
GajiGesa,com.gajigesanative,c84b6c71-e1fd-4a47-874e-00a852c3a7f1,Heri Susanto,Kenapa aplikasi hari ini tdk bisa di gunakan,5,2022-10-15
GajiGesa,com.gajigesanative,9a8b599d-0543-4c59-8c2c-332da9518cb4,Sony Alfian,ancur gaji gara2 limitnya d kurangin dari perusahaan,1,2022-10-13
GajiGesa,com.gajigesanative,9ab12398-024e-4e54-af73-660406b64bf1,RizkyIstamto Acil,Loading terus gak jelas,1,2022-10-13
GajiGesa,com.gajigesanative,ad8d9ff7-0013-415e-b40b-70040c25ac72,Irhas Rengasbandung,"Loading terus , komplain ke cs , di suruh uninstall dulu , pas udah di instal akun tidak terdaftar , payah",1,2022-10-10
GajiGesa,com.gajigesanative,ac9dd020-abfa-4d60-84ed-45b94ebcab30,Yusuf Suhandi,Gak guna sekarang gaji gesa jadi lelet,1,2022-10-10
GajiGesa,com.gajigesanative,1399ed99-1e7f-414a-be11-0544b8e9b875,Rosieta Ita,Bikin aplikasi gimana sii lemot bgt sinyal bgus tapi lama ga kebuka-buka,1,2022-10-09
GajiGesa,com.gajigesanative,e283e878-6f29-43a5-8d50-f020cdf3441d,Kurnia Amelia,"Makin kesini tampilan doang diperbarui aplikasi lemot loading terus, sama gak update gaji. Gajelassssss !!!",1,2022-10-04
GajiGesa,com.gajigesanative,6c764545-4580-4f42-87db-472d006f239c,bhaskara prima,kenapa setelah di update malah akun tidak terdaftar ya. wah kacau lah,1,2022-09-30
GajiGesa,com.gajigesanative,28ca9892-5952-431b-b942-69928e811586,Gusti Akhmad,Mantap,5,2022-09-24
GajiGesa,com.gajigesanative,9280fa65-94df-479a-86c0-e7f050eae03b,Muhamad Angga Saputra,di aplikasi tertera batas penarikan mulai dari tanggal 11 sampai tanggal 20. tapi nyatanya baru tanggal 13 aplikasi sudah close dan tidak bisa di gunakan. hanya puluhan notifikasi yang masuk setiap hari.,1,2022-09-19
GajiGesa,com.gajigesanative,b649b8ec-ea52-448d-8dc2-e8b9557ae631,Au Au,saya baru pertama kali pakai aplikasi ini,5,2022-09-19
GajiGesa,com.gajigesanative,b153a9ba-8451-4413-a78d-2d1b9a904473,Putry Dzulqini,Untuk proses acc pendaftaran baru kira2 berapa lama ya ka?,5,2022-09-17
GajiGesa,com.gajigesanative,471c7604-421f-47dc-940d-913b5dabf5f5,Trie Umy,potongan gaji saya 50 ribu bulan ini,5,2022-09-17
GajiGesa,com.gajigesanative,f2801511-b5e9-4d7d-9067-26197e01e6d8,Syarif Hidayat Hasani,"dalam apk tertera batas penarikan tanggal 19, baru tanggal 16 udah ga bisa pengajuan dgn keterangan jumlah yg di minta melebihi batas penarikan.. pdahal cuma mau narik 100 doang tp ga bisa 👎",1,2022-09-16
GajiGesa,com.gajigesanative,d203eee1-6c32-4b75-aa2e-9c0fa3bbaad1,Hertia Septiani yohana,Sangat membantu,5,2022-09-15
GajiGesa,com.gajigesanative,5c9f56a5-7f3a-4d61-8bd0-1324df437ca0,Ridwan Robiana,"Terakhir penarikan tgl 11,tgl12 13 14 saldo tidak bertambah harusnya jadi 400 kenapa masih 140",4,2022-09-14
GajiGesa,com.gajigesanative,5244b933-b027-4be9-ac6d-8d51121271bd,Titin Azof,"Katanya 2 jam cair mana lama sampai 6 jam, parah.. Tidak sesuai dengan gambar 2 jam cair",2,2022-09-09
GajiGesa,com.gajigesanative,21ea02a4-eccd-48ac-a75b-c21f92a2085e,Joko Susanto,Sangat membantu saat darurat,5,2022-09-08
GajiGesa,com.gajigesanative,02d55e72-b285-4f14-ac48-c71f27143cd3,Kiki Andrianti,Sangat membantu lha untuk keuangan karyawan seperti kita,5,2022-09-05
GajiGesa,com.gajigesanative,5cd18884-b456-4a37-bc39-55f8a03f0545,CAP TV,Limitnya GK jelas udh 2jt malah dari awal lagi apk apa ini,1,2022-09-03
GajiGesa,com.gajigesanative,3f79b0c8-6b70-4a8e-83f3-2f97b079b76e,doel syukur,tampilan aplikasi sudah diperbarui,5,2022-08-31
GajiGesa,com.gajigesanative,5a649099-e9e9-4b5d-b57a-2763c8881f0a,Joko Romadhona,DAFTARNYA RIBET!,1,2022-08-24
GajiGesa,com.gajigesanative,aef762a6-5779-46b9-abc7-d40576b4a7ff,Dedinarek Supardin,Baik sekali dan membantu,5,2022-08-22
GajiGesa,com.gajigesanative,3917244a-b089-4261-813d-f11c00f2e868,Tiara Azahra,Aplikasi yang sangat membantu,5,2022-08-21
GajiGesa,com.gajigesanative,b086236a-5312-474f-ae94-0eb76e3055f1,feby pane,Biar makin mantab kelen,5,2022-08-21
GajiGesa,com.gajigesanative,daec5148-df9f-48c7-a700-3c67b350ecd2,Andri Maradona,Sangat Bermanfaat,5,2022-08-20
GajiGesa,com.gajigesanative,24121423-83ca-45a8-9027-671d300ce902,Wiyan Kholil,Sangat membantu dari pada aplikasi Pinjol yang lain yang bunga nya sangat memeras konsumen,5,2022-08-20
GajiGesa,com.gajigesanative,9786809f-6339-4aaf-ac96-6fe30ec8a4e5,Novies Mondra,Biaya adminnya mungkin bisa diperkecil,4,2022-08-20
GajiGesa,com.gajigesanative,025440ac-c5ae-4306-8f93-4d31eab93eb7,Yudo Hendratmono,Sangat membantu Karyawan yg sedang terdesak kebutuhan,5,2022-08-20
GajiGesa,com.gajigesanative,92c901a9-8b83-444a-a4e9-423ba433ae5a,JOHARI SADEWA,Sangat membantu,5,2022-08-20
GajiGesa,com.gajigesanative,cc1b77eb-fb7b-45ab-9f5e-b3c9e9ac632c,Fadlan Verdian,Bagus,5,2022-08-20
GajiGesa,com.gajigesanative,97bfee2e-2c3f-46db-aff3-ab8a2a67e992,Denny Nurseha,Sangat membantu kebutuhan kalau lagi kepepet thanks gajigesa tetap semangat,5,2022-08-20
GajiGesa,com.gajigesanative,13793395-8afb-478a-acd8-e6d22b3972d5,ashari nurdin,mantap,5,2022-08-19
GajiGesa,com.gajigesanative,38129237-3ca7-4544-8103-14e2a6ccd035,MUHAMAD HARDIAN,Sangat membantu gaji gesa,5,2022-08-19
GajiGesa,com.gajigesanative,131547c6-f914-4d46-8447-159318001651,Gede Tri Wahyudi,Terimakasih.gaji gesa bisa membantu keuangan sya.,5,2022-08-19
GajiGesa,com.gajigesanative,7a6af99c-f757-487b-a7c2-9c10fbfc76f4,Alamsyah Syetia,Belum ada fitur keamanan,2,2022-08-19
GajiGesa,com.gajigesanative,92fabc48-8857-4fef-8b85-23a3ba9a8582,Muttaqin,"Saya suka, saya suka, bisa narik gaji lebih awal, saran mohon ditambahkan fitur untuk merubah no rek tujuan secara personal bukan melalui perusahaan, agar lebih memudahkan jika ada perubahan no rek secara pribadi. . . Terimakasih 🙏",5,2022-08-19
GajiGesa,com.gajigesanative,836eb247-453d-4a4b-8b51-890f088f4731,abdul salim,Mantap,5,2022-08-19
GajiGesa,com.gajigesanative,6eb20824-a54a-44fd-ab33-492cebaf57ed,Isnat Barawi,potongan akan terlihat sebelum pengguna mengkonfirmasi penarikan,5,2022-08-19
GajiGesa,com.gajigesanative,09e2211c-002f-4064-a38b-e110696aed6f,Ghandy Azka,Ok,5,2022-08-19
GajiGesa,com.gajigesanative,6e992c37-523e-49c0-a75d-400e8ef91fa2,Hadi supandi,Sangat membantu,5,2022-08-19
GajiGesa,com.gajigesanative,8ee9ec69-261a-4934-920e-99ffb2ab4cc9,Ayu Puji astuti,Ok,5,2022-08-18
GajiGesa,com.gajigesanative,93aaec9d-1394-473d-a4f0-8a39b61054c7,annazhr syhputro,sangat membantu,5,2022-08-18
GajiGesa,com.gajigesanative,bcde5bb8-5679-4ea4-962b-a89bed92d873,Beno Beno,ko ga bisa d perbarui,5,2022-08-18
GajiGesa,com.gajigesanative,9bc5a08d-9d3e-4bb0-a9a2-8f2ddad052c7,Rahman Yuniar,bagus,5,2022-08-18
GajiGesa,com.gajigesanative,1c0ce239-a960-40e2-8c63-bdceba7969cf,Yopi Sofyan,Semoga lebih baik lagi buat kedepannya,5,2022-08-18
GajiGesa,com.gajigesanative,e1b16e6c-a09f-47c3-be52-33ad1524592c,Risman Hilmawan,Malem malem kalau ada kebutuhan urgent susah,3,2022-08-10
GajiGesa,com.gajigesanative,b86944b6-8cc8-477a-b9ea-526298abf290,Muhamad Ruslan,Sangat membatu ketika ada keperluan mendesak,5,2022-08-03
GajiGesa,com.gajigesanative,ac2f8e5a-d349-435c-b7f3-ec00f0a49703,Mia Melina,"Bagus memang, tp maaf ini kenapa ya apk nya kok muterr terus knp tdk bisa keluar absensi nya, mohon bantuannya 🙏",4,2022-08-03
GajiGesa,com.gajigesanative,aef91c3f-b123-4973-80bd-24357fa70c3f,Aldi Flay,Mantap,5,2022-07-21
GajiGesa,com.gajigesanative,8317adb4-5e17-4f9e-b56c-a2fcc3528514,Maman Saputra,Adminya mahal sekali. Haha. Auto hapus apps. Narik 1 mio adminnya 25 k.,3,2022-07-13
GajiGesa,com.gajigesanative,d0694325-4b59-4b19-ab0a-a9b2f5d4bf47,Rais Dsstr,Apk membantu,5,2022-07-10
GajiGesa,com.gajigesanative,3fd67259-4ec2-486a-a35e-566d017f98c0,perri darmawan,👍,5,2022-07-07
GajiGesa,com.gajigesanative,d0e8cfda-f3a0-4dcf-b809-2cb6dfefc941,Syuaib Ajjah,pengajuan pertama memerlukan aktivasi dari pihak hr terlebih dahulu,5,2022-07-07
GajiGesa,com.gajigesanative,4bada261-4fda-4187-8ab5-d8dfe5632beb,Dea Cantika,Sangat membantu..untuk kebutuhan medesak..,5,2022-07-06
GajiGesa,com.gajigesanative,556277d9-718a-4a31-8487-286f77e35312,Yogi Pratama,Belum dspat di instal,1,2022-07-01
GajiGesa,com.gajigesanative,d916dbc9-a8a5-4c57-ac3e-227c594bde98,Dul Mackaye,Mantap,5,2022-06-30
GajiGesa,com.gajigesanative,f178c462-2e26-4852-9f66-d3d103a9aa64,Yana Maulana,Like,5,2022-06-30
GajiGesa,com.gajigesanative,ff69d3d1-74b2-4a33-81d9-fe03bf957ad1,Thohir Thohir,biaya layanannya memang ada dan saya harap ke depannya bisa lebih transparan dalam menjelaskan rinciannya karena saya harus membaca cukup lama untuk memahami struktur biayanya secara keseluruhan,4,2022-06-30
GajiGesa,com.gajigesanative,e0a01880-ac93-40d7-9bd5-71c4d2a68429,Surya Salim Evendy REAL ACCOUNT,Saya kasih bintang 5 tapi tolong dong kalau bisa narik uang nya itu sampai akhir bulan jangan cuman sampai tanggal 23/25 dan kalau pas penarikan tolong agak di percepat kadang suka lama selebihnya sangat membantu trimakasih gajigesa ☺🙏,5,2022-06-29
GajiGesa,com.gajigesanative,1e48bcab-d990-40b0-8c19-9ae78781f61a,Zuchri Medan,ok,5,2022-06-28
GajiGesa,com.gajigesanative,9d2716e7-1d6d-4938-9767-65287daceb39,Riri Gilby,Sangat membantu untuk kesehatan Financial bagi karyawan seperti saya :),5,2022-06-28
GajiGesa,com.gajigesanative,23394f9b-8c88-40fd-a65e-6fc521ff70cc,Imelda Yeni,Mayan dah ngebantu walopun aga lambat,5,2022-06-28
GajiGesa,com.gajigesanative,01926e60-c896-42be-9c39-004f314d3b64,Muslihudin Udin,Saya gajiannya tgl 1 harus nya tgl 25 sampai tgl 1 bisa transaksi dong Krn itu Lagi tanggal tua tuanya.tolong dong di ganti itu ganti aturannya.,4,2022-06-28
GajiGesa,com.gajigesanative,6e583041-c6e6-4dc5-9662-97d55dfeafe1,Yuliansyah Nagata,Gimana sih udah tanggal gajian gak bisa tarik gaji?! Kalaupun bisa lama di transfer ke rekeningnya 👎👎 perbaiki lagi lahh sistemnya,1,2022-06-26
GajiGesa,com.gajigesanative,d13e268d-db47-4b69-9f3d-6df71924d2d5,Rahmat Murdani,Alhamdulillah bagus. Cuma kenapa sering eror,5,2022-06-21
GajiGesa,com.gajigesanative,1ddf87c9-5d49-4173-8945-7d82544bb616,Danar Sugiyarto,"Mantul nih,, bukan pinjol ya ini",5,2022-06-10
GajiGesa,com.gajigesanative,bde3579a-c3e1-41ae-bc11-691f2029ac69,KEANU REAVES,Aplikasi apaan itu sangat tidak jelas Kantornya tidak jelas Sangat tidak jelas,1,2022-06-03
GajiGesa,com.gajigesanative,c47e95a1-e3ac-4146-91bd-c5acb013d03c,minion 009,aplilasi sering error,1,2022-05-31
GajiGesa,com.gajigesanative,782a3676-7684-4956-ac4f-edf8800f25ed,Arif Anwar,Cairnya lama kak mohon di percepat lagi,4,2022-05-26
GajiGesa,com.gajigesanative,e147e9e4-820d-4312-b053-6d41179e5ca5,Jehan Maulana Akbar,"Sangat membantu, biaya admin nya kurangin",5,2022-05-20
GajiGesa,com.gajigesanative,abd323fd-2dca-4f0e-8cfd-f30ea7358c13,Muhammad Imam Mukhlisin,Mantap😍,5,2022-04-26
GajiGesa,com.gajigesanative,ae76d03e-60af-4f05-bbf9-4613cee47e1c,DIAN DIAN,Mantap,5,2022-04-25
GajiGesa,com.gajigesanative,31e820a0-6749-4719-a729-09145cb60040,Yl rama Rama,Sangat bagus,5,2022-04-25
GajiGesa,com.gajigesanative,fc8e534b-a2b9-411a-a5a5-314e74588245,Oni Januar,Aman dan mudah,5,2022-04-25
GajiGesa,com.gajigesanative,e5459d13-dcad-4ecc-a923-2629b831c879,Miss R,"Di tingkatkan lagi sistem nya, sering eror, tapi alhamdulillah sangat membantu banget keuangan saya😉🙏",5,2022-04-25
GajiGesa,com.gajigesanative,47478d8f-20f9-4259-a964-8748a82ec273,Wildan M. Zamzami,Tiba² error dan waktu log in status akun tidak terdaftar,5,2022-04-15
GajiGesa,com.gajigesanative,491d6575-83ea-4b08-a6eb-a0db67b41122,Agung Setiawan,Proses cair ke rekening nya brp lama ya??,5,2022-04-14
GajiGesa,com.gajigesanative,43d3cc9d-5eec-43ce-ac8b-a5dc55bcc3ae,Syahrial 96,Apk gajigesa gimna sih mau narik gaji tiba2 eror...mengecewakan,1,2022-04-13
GajiGesa,com.gajigesanative,2fb0e0f2-4add-4704-a929-3139bc0f29d9,Alexandra Yulianty,Sy Masi gk tau cara WD gaji sy,5,2022-04-13
GajiGesa,com.gajigesanative,cf886808-d981-42a7-8fb1-d30f94071df7,agus dwinanto,adanya gaji gesa bisa membantukan kurir seperti saya,5,2022-04-10
GajiGesa,com.gajigesanative,01493b18-84eb-47c6-afdc-d4325a06e90d,Hans Rivai,ada potongan 2.500 per transaksi,5,2022-04-09
GajiGesa,com.gajigesanative,e463459d-2806-4c7e-99c6-d062296ac003,Risman Hilmawan,"Kadang kalau lagi bu, tengah malem suka delay wkwkkw tpi gpp",5,2022-04-09
GajiGesa,com.gajigesanative,b355703a-f087-467b-a3f4-e9394e6456cd,Hadaman Chanel,limit tarik saya 20 ribu per bulan,5,2022-04-07
GajiGesa,com.gajigesanative,35a14935-8e36-417d-b4b3-f513e8390644,Hamid Priyanto,dana cair setelah 1 hari kerja,5,2022-04-06
GajiGesa,com.gajigesanative,684025ab-9c1e-4834-8bad-0a5d75b91fb7,singgih jdp,"Bagus buat karyawan, Tp ADM Jng 3% dong..",5,2022-04-04
GajiGesa,com.gajigesanative,a5569bfe-6cf1-4374-a4f3-99f57b3bd56c,Bayu Wiguna,berapa lama proses pencairan dana?,5,2022-04-04
GajiGesa,com.gajigesanative,e1800d3c-3b70-4821-9e60-a3dcd91be098,ABDUL AZIZ (Aziz),Sangat membantu 🤭😁,5,2022-04-03
GajiGesa,com.gajigesanative,1cdd4219-69c6-4fb6-b76f-274d287c44ae,Didi Pribadi,Aplikasi yg sangat membantu,5,2022-04-03
GajiGesa,com.gajigesanative,8e1009ab-b9e2-4582-b5cf-1f1ddb55f283,Dony Rovandes,Sangat membantu disaat urgent,5,2022-04-01
GajiGesa,com.gajigesanative,4e74f853-7db3-410e-a6fa-08117141005e,Cah Brebes,"Lumayan sih di saat gak punya uang bisa narik dulu , Semoga makin di tingkatkan lagi ,",5,2022-04-01
GajiGesa,com.gajigesanative,7cf1d704-2f79-4c5e-9f3e-2449b850787f,abi kosim kosim,Sangat bagus dan sangat membantu,5,2022-04-01
GajiGesa,com.gajigesanative,48450941-11af-412b-acbd-0b9040b16cb4,santri ndeso,Kok mau unduh lama banget ya,4,2022-03-28
GajiGesa,com.gajigesanative,18bfaebb-c28a-463d-ba02-fd02f888643b,Rifal Bagaskara,Di perbaiki lg sistem ny,5,2022-03-22
GajiGesa,com.gajigesanative,69d93914-034e-4c1b-9788-3e4e33f48f57,Edin Sudiana,Ok,5,2022-03-14
GajiGesa,com.gajigesanative,7a970a6c-5d82-496b-8909-489b32b3178d,Rafi Rafi,Mantap,5,2022-02-24
GajiGesa,com.gajigesanative,7fe52542-3311-46cf-8cff-327ca68b8966,al Massa,Nice,5,2022-02-03
GajiGesa,com.gajigesanative,21e3f524-53e5-4c81-a419-4ddef2ab1a8e,RektorKampus,Bad beneran bad,1,2022-02-01
GajiGesa,com.gajigesanative,95181a27-ea8c-43af-8ff7-55a4e276cfba,Azka Rori,"Gak bisa ngatasin masalah kalau gaji gesa skrang,makin lama makin curang aja..tok'ap saldo ovo di potong ma iya,tapi saldo nya tidak masuk",1,2022-01-17
GajiGesa,com.gajigesanative,0172096f-062f-4a09-9d4a-7928458f3e36,Sugianto Salim,saya melampirkan tangkapan layar saat melapor ke cs,5,2022-01-06
GajiGesa,com.gajigesanative,e78fcac0-5854-4813-8ed3-ce01ad3611ba,Iwan Dharmawan,Ok,5,2022-01-02
GajiGesa,com.gajigesanative,0d4d7ddd-0eca-4020-89a9-e8b8535df463,Suprapto Prapto,baik,5,2021-12-24
GajiGesa,com.gajigesanative,1677f049-14f1-4971-861d-094cbedac753,EZARD NATH,ada fitur live chat yang tersedia di dalam aplikasi,5,2021-12-21
GajiGesa,com.gajigesanative,6b34c02c-6bb4-4097-96cb-dcc4690d492e,Asri Syam,"Aplikasi gak berguna, banyakan potongan saldo. Pengajuan pembatalan nomilal kecil gk bsa di cancel demi mendapakan biyaya admin. Taiii !!!!",1,2021-12-01
GajiGesa,com.gajigesanative,ad043a01-1dc9-4c81-86a9-2a47541b70b8,yodha zurendra,Sangat membantu sekali,5,2021-11-25
GajiGesa,com.gajigesanative,e4d2c030-4a92-416f-a3d6-15966110d987,Tarto Tarto,Bagus,5,2021-11-25
GajiGesa,com.gajigesanative,9269ba0f-0724-421a-938e-74af5d99c4a6,Jairin Huja,pengaduan akan diproses dalam waktu tiga hari kerja,5,2021-11-23
GajiGesa,com.gajigesanative,36ed4942-0a83-4fe6-97bf-9b5ec9f255c9,Jack sahidin alafghani,"Kenapa Ga bisa ambil Gaji nya?..""Belum berada masa transaksi/penarikan"".",2,2021-11-22
GajiGesa,com.gajigesanative,eb1e92d8-7eee-4af9-852e-b83d8ecff943,nengah swardana,👍,5,2021-11-21
GajiGesa,com.gajigesanative,a821acec-050b-4d84-bd45-dbdcaa400792,Dody Suardi,Good,5,2021-11-20
GajiGesa,com.gajigesanative,035cecd0-fb2b-4181-be3d-6cc7af36cfcf,Sumarna Ncum,Ok untuk lebih baik,4,2021-11-19
GajiGesa,com.gajigesanative,62a8bdd8-2676-4bc2-b539-abb0dd14cb63,Mariana Mariana,Bagus.. cuma agak lama masuk ke rekening nya..,4,2021-11-19
GajiGesa,com.gajigesanative,0043874b-4a0b-426a-8a03-49c944396f2e,SURYANA GONGSO,Terimakasih atas bantuannya,5,2021-11-18
GajiGesa,com.gajigesanative,c1c98d19-5316-419f-957e-de2c8ef68f08,Septian Bustommy,Gajian setiap hati 👍,5,2021-11-17
GajiGesa,com.gajigesanative,90074aee-0f40-47e8-a8b5-f413840cad8c,Pelesaputra Saputra,Kalo bisa di kasih cicilan dong buat pinjaman,4,2021-11-17
GajiGesa,com.gajigesanative,31cad153-ec34-42bb-939c-41cafe657534,Heri Susanto,pengaturan akun tersedia di menu profil pengguna,5,2021-11-16
GajiGesa,com.gajigesanative,d5bf6cab-f2cb-4ac3-af65-b96f84ec9de9,Wiwik Ariyani,Bisa membantu yg sedang habis piti di pertengahan bulan,5,2021-11-15
GajiGesa,com.gajigesanative,95daaf3e-1514-407a-8a13-53a0fa205b60,Arul Art (arulnasrullah),Sangat membantu saat gajian terlambat,5,2021-11-15
GajiGesa,com.gajigesanative,93108767-d837-40c5-b14e-e04fdfe91852,Syaiful Hidayat,Bagus,5,2021-11-15
GajiGesa,com.gajigesanative,fbd6d0a5-a301-4ab3-8532-21f1309fb52c,Pipih Suhendi,Top,5,2021-11-15
GajiGesa,com.gajigesanative,5b6dec00-cffb-4fd5-8dda-90b5d3fa34b2,Fafel Muhammad,Prosesnya cepat,5,2021-11-15
GajiGesa,com.gajigesanative,a521964f-ffbf-41bc-8b5e-ba08f0ff032c,Felix Alfidorai,"Yg kasi bintang 1 fix perusahaannya gak gabung gaji gesa, apk paling keren pokoknya ini",5,2021-11-15
GajiGesa,com.gajigesanative,a8063562-dad7-42e9-a6d8-6600a0f5061c,Tony Iman Pebruwanto,Sangat membantu disaat yang tepat ketika ada kebutuhan mendadak,5,2021-10-27
GajiGesa,com.gajigesanative,6798ff5a-ae0f-4a3d-baa9-6a4c79032c25,Jaka Kesuma,Ok,5,2021-10-22
GajiGesa,com.gajigesanative,00bd3397-3e1f-4cb0-9d32-1e4ff2f28046,Riansyah Btr,Lumyan sngat mmbantu dikala keuangan lgi limit,4,2021-10-19
GajiGesa,com.gajigesanative,c145e75b-4f56-47ae-ba2c-121e774086a9,Ashabil Kahfy,Aplikasi yang sangat membantu,4,2021-10-19
GajiGesa,com.gajigesanative,644b2ee9-c1e1-4a74-976e-17761295274f,Kafi 1107,Top,5,2021-10-14
GajiGesa,com.gajigesanative,f55c7781-d0a5-48f4-b2f1-9701f189be0a,positif euy,Aplikasi yg sangat membantu,5,2021-10-09
GajiGesa,com.gajigesanative,31a05bbe-5427-4cf4-80ee-04433a8ca430,Daffa& Davina,Sangat membantu,4,2021-10-07
GajiGesa,com.gajigesanative,1617f343-7ec0-43a7-9363-856ae08b1110,Dandi Riyan Permadi,"Bagaimana cara mendaftarnya? Saya baru instal aplikasi ini,sedangkan di aplikasi tidak ada bacaan daftar akun aneh",1,2021-10-04
GajiGesa,com.gajigesanative,bf0d1816-8e27-4e2b-a450-1ccab8bdf592,Ahmad Nurdin,Sangat membantu trimakasih🙏🙏,5,2021-10-04
GajiGesa,com.gajigesanative,4272b95a-eb5d-48e7-9915-d15e74182c8b,Macaszart Andromeda,Asyik .. aplikasi ini...,5,2021-09-28
GajiGesa,com.gajigesanative,dff67a14-28bf-45f9-a1e1-b5ded52c3352,Dicky Mayendi,Sangat membantu,5,2021-09-28
GajiGesa,com.gajigesanative,c3c00dcf-4b1a-4322-96d9-51417da1889b,SUPARDI WI,Sangat membantu,5,2021-09-24
GajiGesa,com.gajigesanative,ce46675f-c7bf-4b84-b0d1-8e582d24f31e,AsN BATAK,Sangat membantu di tanggal tua,5,2021-09-13
GajiGesa,com.gajigesanative,67111783-aee8-4aec-aa52-7d7a786e3580,nanila talisa,Inii koo gajigesa katanyaa akun sya be lum terdaptar klau mau daptar gimana caranya,5,2021-09-01
GajiGesa,com.gajigesanative,22031e20-955b-46b9-b55c-5d615136de3d,Adam Adam,"Mending Uninstall aja aplikasinya gak guna, CS nya juga gak ada respon lama banget.",1,2021-08-29
GajiGesa,com.gajigesanative,6fc9bbb1-7bce-41e2-8e47-79137adb5f98,Lestari Putri,"Sangat membantu di tanggal tua, terima kasih",5,2021-08-28
GajiGesa,com.gajigesanative,1c134d78-d550-43a6-90f6-ea9de422616f,Endang Rusmawan,aplikasi menampilkan notifikasi gangguan server,5,2021-08-26
GajiGesa,com.gajigesanative,59377510-f66e-41de-aa5d-42c28ba0ae9c,RIFAL EPEP,Kenapa di apk sya gesia ko blm.bisa di padet y mohon inponya min,5,2021-08-16
GajiGesa,com.gajigesanative,42e0f48c-b9e2-490e-aa6b-7f0862d6aa5c,satrio pambelo,Keren,5,2021-08-14
GajiGesa,com.gajigesanative,cb376157-b22c-454b-95d2-3b75f07748ea,Ramadhan Vjr,enak terbantu buat apk ini.. tpi kenapa sdh 5 hr gaji gesa tdk terbuka d hp saya. sllu loading,4,2021-08-03
GajiGesa,com.gajigesanative,77ba6e34-d8a5-4f6c-b27c-cc30a737ead9,Nanang Prawiro,"Saya bingung cara bayarnya, saya sudah gajian tapi pinjaman saya gak di tarik autodebet. Pas buka aplikasi limit cuma 48 ribu. Mau hubungi callcenter wa gak respon. Tolong di respon ya.",5,2021-07-31
GajiGesa,com.gajigesanative,ca6d4478-0a9f-4dc9-85fa-f471e485a60e,Agum Mulhaq,"Terimakasih sebelumnya untuk gajigesa, saya ada sedikit keluhan kenapa data nomor saya belum aktif juga padahal sudah terdaftar. Saya sudah coba ikutin petunjuk yang di arahkan untuk clear chace atau instal ulang versi terbaru tapi tetap terjadi hal yang sama nomor belum aktif. Mohon penjelasannya dan berikan solusi agar bisa di gunakan. Terimakasih gajigesa",4,2021-07-20
GajiGesa,com.gajigesanative,04532214-29bd-4022-865a-2f2318b231c0,ara mutiara,Mantul,5,2021-07-13
GajiGesa,com.gajigesanative,11c6a77b-020f-48ba-8f79-c9b240ea3197,Siva Alifah,saya melaporkan masalah akun saya dan cs merespons dengan prosedur standar meminta data data verifikasi yang diperlukan prosesnya cukup panjang tapi saya mengerti ini demi keamanan akun saya sendiri,5,2021-07-04
GajiGesa,com.gajigesanative,51055f05-6417-40fc-baf3-51d6284e81a5,Edi Arbalax,👍👍,5,2021-07-02
GajiGesa,com.gajigesanative,d3f4e655-0cd3-4f32-8793-e25cf978acf2,Joko Thole,Aplikasi mantulllll sangat membantu,5,2021-06-24
GajiGesa,com.gajigesanative,a7998aa4-3cdc-47e6-a37e-2c9213e9e9bd,Maximus Sary,Sangat bagus dan cepat,5,2021-06-24
GajiGesa,com.gajigesanative,5f3754bf-e332-4a06-839c-dc4a3987f0ed,rifki hasyim,Mantap,5,2021-06-23
GajiGesa,com.gajigesanative,c069cc99-14e3-404e-8ae1-246030276018,Eka Febryanti,Gajian bisa kapan aja dengan gaji gesa 👍👍👍,5,2021-06-22
GajiGesa,com.gajigesanative,b4484a4e-7f79-4b5f-8479-41bd132a038a,Pengguna Google,Ok,5,2021-06-19
GajiGesa,com.gajigesanative,1eccd5e6-9f5f-4726-8e66-9bf630ded987,Raimah Kasir,Kenapa saya tidak bisa terdaftar 😭 .... padahal saya udah termasuk karyawan di perusahaan,2,2021-06-10
GajiGesa,com.gajigesanative,f11b5656-258e-4d4f-b39c-d68acfa374e7,Leha Emon,Kenapa saya ga bisa masuk ke aplikasi nya,2,2021-06-10
GajiGesa,com.gajigesanative,f966b4ed-f15b-4ad2-b0d0-c4351bb2a884,Angelina Heii angel,ada pengumuman jadwal maintenance di halaman beranda,5,2021-06-10
GajiGesa,com.gajigesanative,6e961c27-0e06-4b57-bf54-bb6bb41fa397,Andi Kurnia Hilal,Setelah di update aplikasi malah lambat sekali klo mau di buka,3,2021-06-10
GajiGesa,com.gajigesanative,870ee05e-f860-4c32-93b6-73aef65c5c9c,Wiwin Winarti,"Sangat membantu,thanks gajigesa👍🥰",5,2021-06-08
GajiGesa,com.gajigesanative,b6d711ea-1507-4be3-a50b-64050a7729db,Arifin “Dan FROST Ariphonest”,Aplikasinya agak sulit untuk masuk. Kenapa saya belum terdaftar sedangkan saya karyawan di perusahaan tempat saya bekerja,3,2021-06-06
GajiGesa,com.gajigesanative,99311314-1619-49e6-ac2a-f5b7dd4b1874,Andi rahmayani Rahman,Bagus ...sngt membentu..kemarin sempat bermasalah tapi dibantu oleh admin Ig nya lgsung...,5,2021-06-04
GajiGesa,com.gajigesanative,38daa1a8-0eef-4106-8ac0-1159f64c82b2,Punky Surya,Aplikasi yang Sangat Membantu keuangan karyawan di saat membutuhkan dana sebelum gajian agar terhindar dari Hutang.Pokoknya The Best deh 👍👍 buat Gaji Gesa...😘,5,2021-06-02
GajiGesa,com.gajigesanative,ee51b190-bea3-4572-b3d8-5d6647aff02a,rullyans izzy,Aplikasi yang sangat amat tidak membantu.. pasti saja setiap mau tarik gaji sushanya minta ampun.. di tambah setiap penarikan kena potongan ...padahal potongan segitu buat org kaya saya bisa buat makan 6 hari,1,2021-06-01
GajiGesa,com.gajigesanative,cc017d14-8133-41f6-b915-f0bd7c9418b4,Surya Darma,Bagai mana cara merubah no wa yg lama ke nomor baru,5,2021-05-31
GajiGesa,com.gajigesanative,b2b4fec1-8bf2-4d92-ac59-bd46f4804919,oVELYN tv,Nomer gak terdaftar???? Yang bener aja.,1,2021-05-18
GajiGesa,com.gajigesanative,9ec42b43-5ca5-4a70-b629-b93a921ec653,desy ratnasari,"Sy mau masuk gak bisa yaa, katanya hp tidak terdaftar",3,2021-05-18
GajiGesa,com.gajigesanative,17165e2a-f47f-4445-9b4b-08fdda36e6ff,Rizky Choirul Pratama,Sangat membantu jika di tanggal tua bisa tarik gaji aja deh hehe :),5,2021-04-02
GajiGesa,com.gajigesanative,2fc9938a-ad2a-4539-941e-c6f6406e1e45,Moh Salehoddin,Awsomee. Very helpfull,5,2021-03-31
GajiGesa,com.gajigesanative,9c64d26c-dbae-43d2-a571-76afa480141a,Yuni Ys,"Aplikasi keren, sekarang bisa gajian tiap hari dengan gajigesa.",5,2021-03-31
