review_id,app_name,review_text_original,skip_category
a65b2a3b-5720-4012-97ce-8f9764607522,VENTENY,bagus lanjutkan,TERLALU_PENDEK
34fd0bca-7488-40a9-a97f-44b9ac17cc01,VENTENY,good job💫💫💫💫💫,TERLALU_PENDEK
936dc5b7-5978-4b8e-a65e-50386a0e8483,VENTENY,mantap,TERLALU_PENDEK
3abcc83e-fe3b-4eff-8a5a-876b8967795a,VENTENY,punrnobbas,TERLALU_PENDEK
508e29e9-9509-4f2a-bca1-60880f163948,VENTENY,josss,TERLALU_PENDEK
acb97317-0cfc-4feb-b405-666a6162d0ff,VENTENY,🇮🇩✈️🏖️🤲🙏🤲🏖️✈️🇮🇩,TERLALU_PENDEK
8eb814b1-c9e8-4f77-9841-e560e6be08e8,VENTENY,lanjutkan mahrusoke,TERLALU_PENDEK
6ac00b17-8a8d-47b4-9d12-d2b5c0f29228,VENTENY,Mantap nih,TERLALU_PENDEK
bc228062-0ff0-40b9-b988-002a63b9495c,VENTENY,Bagus banget,TERLALU_PENDEK
17c208ab-9034-4270-8e08-9adaf423c684,VENTENY,Lumayan,TERLALU_PENDEK
4722ab07-f2ea-492b-bc3c-5fb1a1dbb82f,VENTENY,Nice 👍,TERLALU_PENDEK
6b815390-f92e-4018-94b1-920f687d4786,VENTENY,Bagus,TERLALU_PENDEK
69acb047-9ed1-4f75-b092-5984a9182d36,VENTENY,Sangat bagus😍,TERLALU_PENDEK
1765d208-54cf-4675-a7c3-eb48b7dfc938,VENTENY,Bagus membantu,TERLALU_PENDEK
bc340496-b2ae-42b7-bde7-78bf72beac75,VENTENY,Membantu banget,TERLALU_PENDEK
c4436332-4458-4873-9295-398ff145e478,VENTENY,mantap banget,TERLALU_PENDEK
ff9438bd-1cc2-4821-92a6-f70ec797f457,VENTENY,nice apps,TERLALU_PENDEK
13649637-7e2a-443c-b037-21d55271f8f9,VENTENY,Aplikasi bagus,TERLALU_PENDEK
933eb93c-96b5-4819-a29d-a76f65cfee68,VENTENY,Promonya banyak..,TERLALU_PENDEK
b2bfd419-a3f4-4b81-8653-63cf218009f6,VENTENY,Good aplikasii,TERLALU_PENDEK
07b8e899-d512-4628-b97c-95c4203001ec,VENTENY,Sangat membantu,TERLALU_PENDEK
47fe2957-bb8f-4896-89b6-552d80633fe3,VENTENY,Aplikasi Joss,TERLALU_PENDEK
b02215dd-38c9-4314-b846-2d41ed2244f5,VENTENY,Aplikasi terrbaik,TERLALU_PENDEK
0af09333-c2e6-4638-8ab7-533731c16e30,VENTENY,Mantep,TERLALU_PENDEK
809a4364-a40b-4d75-a088-48e74ebaab4f,VENTENY,Nice,TERLALU_PENDEK
90382db1-38bf-468b-ba86-69899b84d377,VENTENY,👍👍🌟🌟🌟🌟🌟🌟,TERLALU_PENDEK
aec7016a-f912-4716-937e-0f695a8d7721,Mekari Flex,keren,TERLALU_PENDEK
5d3db61b-a869-4229-9650-42ba48dca48b,Mekari Flex,Ikuti aja,TERLALU_PENDEK
c5cc4b24-8ab6-44e4-a5de-a066170f1000,Mekari Flex,memudahkan penggunanya,TERLALU_PENDEK
be1479ff-9cd9-4323-a66b-fc269452313b,Mekari Flex,sangat membantu,TERLALU_PENDEK
69265849-00fd-4532-836f-e012ce8b5c16,Mekari Flex,mantap,TERLALU_PENDEK
d4e3e83b-0494-48dc-8749-fbf773a242c9,Mekari Flex,Mantapppp 👍👍👍,TERLALU_PENDEK
ae2508fb-42ca-4fd7-8599-af21c74a9349,Mekari Flex,sanggat membantuu,TERLALU_PENDEK
a8db027c-df2b-4dfa-8403-0af00b49f53f,Mekari Flex,👍🏻,TERLALU_PENDEK
6b040b51-c6e8-431c-8c26-259304d99d41,Mekari Flex,sangat bagus,TERLALU_PENDEK
3453c703-e5e7-48e5-932a-aae2df086f49,Mekari Flex,Ok,TERLALU_PENDEK
678cc37c-f9f3-410f-ac65-c6550d608d0e,Mekari Flex,plexibel,TERLALU_PENDEK
63b2d372-7824-47c2-9610-5db1fbf3462c,Mekari Flex,lumayan bagus,TERLALU_PENDEK
5e5c4886-aa2d-4763-9991-91e31bd995de,Mekari Flex,sangat baik,TERLALU_PENDEK
47556256-be38-46b0-98fd-4be8446625a3,Mekari Flex,mantab cepat,TERLALU_PENDEK
217bb43e-faf1-414b-a680-eb369c54718b,Mekari Flex,menyenangkan,TERLALU_PENDEK
43caa47a-d850-4187-9021-fa0e26655568,Mekari Flex,good,TERLALU_PENDEK
e946b6fc-c3c9-4854-b973-e375f05d057f,Mekari Flex,sangat bermanfaat,TERLALU_PENDEK
81d63840-9340-49ce-a12e-6372edc80ab2,Mekari Flex,sangat membantu.,TERLALU_PENDEK
0715339d-9cfa-4278-8f30-dea31cc6f622,Mekari Flex,🫰🫰🫰,TERLALU_PENDEK
b69fcfff-092a-4510-8ed6-6865bbb1c2f4,Mekari Flex,Top bgt,TERLALU_PENDEK
78d69a66-6993-4419-bd8a-5f198e8ced5d,Mekari Flex,👍,TERLALU_PENDEK
0eff4ad6-9cd1-4264-be2a-7507641026aa,Mekari Flex,top,TERLALU_PENDEK
893765be-db38-4fc5-85c5-3c92b62b3eb9,Mekari Flex,Mqntap,TERLALU_PENDEK
0d276a55-adf1-4d39-9fd7-82eba2a7e52c,Mekari Flex,mantab,TERLALU_PENDEK
1da7b8ca-35f6-4388-99cf-751796f99614,Mekari Flex,pateeen kaleee,TERLALU_PENDEK
28525afd-4c0c-4767-9020-ce74a1d7a614,Mekari Flex,bagus,TERLALU_PENDEK
d98f8ea8-5b58-43ff-8c0f-3476bf682981,Mekari Flex,sangat terbantu,TERLALU_PENDEK
75fb73e8-f567-4a18-b1c0-48cb62c75307,Mekari Flex,itu bagus,TERLALU_PENDEK
9f03a919-c31e-491c-a3b5-8025847689d2,Mekari Flex,baik,TERLALU_PENDEK
89e484b0-48db-4723-b53b-53f71bdc0b2b,Mekari Flex,oke,TERLALU_PENDEK
45c8ea8b-6d2b-4671-88fc-87c69eb8632d,Mekari Flex,terima kasih,TERLALU_PENDEK
83a70d53-0d74-47ac-b03c-c4853e4d059b,Mekari Flex,joss pokokke,TERLALU_PENDEK
59690124-f35a-42d1-be4a-dd5958b628e0,Mekari Flex,mudah.simpel.,TERLALU_PENDEK
900284fa-f28d-4cdf-ab45-1bb2ebf80e17,Mekari Flex,jos,TERLALU_PENDEK
458c26ca-481f-40e0-b2ff-31b4643e9f36,Mekari Flex,mantapp,TERLALU_PENDEK
099c77d3-03ed-4bde-9a2c-4104b221b465,Mekari Flex,sangat berguna,TERLALU_PENDEK
2351f889-071d-4c62-bf88-723063af4840,Mekari Flex,topmarkotop,TERLALU_PENDEK
cbb351dc-298b-4337-aeca-01ed4d2f69b5,Mekari Flex,terbaik,TERLALU_PENDEK
6cd12c65-63a6-4507-9da0-e499617b9232,Mekari Flex,naice,TERLALU_PENDEK
a9bb2eed-b083-42eb-86f1-d928aae1b6d6,Mekari Flex,goog job 👍,TERLALU_PENDEK
a1491af5-c0cb-477c-9a34-fe1f9afc81a3,Mekari Flex,nicd,TERLALU_PENDEK
d2d1bb35-8891-4d29-9b04-6d7a8663782d,Mekari Flex,membantu keuangan,TERLALU_PENDEK
10a48322-34dd-4f7f-ad15-622f106ffdc6,Mekari Flex,membantu sekali,TERLALU_PENDEK
92da79cd-2d4c-49a4-9e2b-8939446052ea,Mekari Flex,sgt membantu,TERLALU_PENDEK
388047ac-652b-4e30-a17c-0fa8ff2c50fe,Mekari Flex,mantabbb,TERLALU_PENDEK
aec9965e-eb0c-4d0e-b16d-9612e4440f59,Mekari Flex,nice,TERLALU_PENDEK
60a08855-cd27-48e6-aa82-b6157c2e1c1f,Mekari Flex,rekomendasi,TERLALU_PENDEK
f360388f-38f9-4bb2-a447-b0e62892657f,Mekari Flex,kereeeen bet,TERLALU_PENDEK
93d3eeca-427a-4ce3-aa0c-d8d5b95b7fbd,Mekari Flex,Puas banget,TERLALU_PENDEK
ea7e43bb-75f5-4498-9f2a-6d61791f0a11,Mekari Flex,Ok sekali,TERLALU_PENDEK
a5251f15-48fb-4b4b-880d-a33d222c0b69,Mekari Flex,emejing,TERLALU_PENDEK
619b72b9-4938-4010-8a6b-9b8f4d184350,Mekari Flex,direkomendasikan,TERLALU_PENDEK
da3da613-191f-423a-80cd-3b388ba2dc36,Mekari Flex,sangat ngebantu,TERLALU_PENDEK
71dfd72d-cd5e-4a3b-b8aa-6b6d6c99c9f6,Mekari Flex,bsik,TERLALU_PENDEK
80b8e174-9ae8-40d2-bab4-5767091e4d06,Mekari Flex,membantu,TERLALU_PENDEK
15bb4d98-4625-46ce-b2a5-fa0e797a23f1,Mekari Flex,mantaap,TERLALU_PENDEK
9e4b9352-1fa6-4a41-88a8-bc4ba19c98ea,Mekari Flex,jozzz,TERLALU_PENDEK
1aa29c9a-79ff-4954-a222-fda86d2fab99,Mekari Flex,mntap,TERLALU_PENDEK
79e2c0ce-cf41-4746-a146-4cc341ccca40,Mekari Flex,Sangat memuaskan,TERLALU_PENDEK
6987aae8-309d-4947-9611-8b21b9005a52,Mekari Flex,Cukup membantu,TERLALU_PENDEK
86436eda-070e-446e-a602-082236ef3153,Mekari Flex,Okay,TERLALU_PENDEK
797bf82f-fbc2-41d7-afda-2b14e6f3be77,Mekari Flex,Terimakasih,TERLALU_PENDEK
b9aaed7a-7b2b-4fd3-a7fb-93637f424b1b,Mekari Flex,sangatlah bagus,TERLALU_PENDEK
bb113e4d-962d-404c-94ab-b8cdcf6e5515,Mekari Flex,Mantapppppppp,TERLALU_PENDEK
cf91fbce-965d-486b-8d88-173a87525d81,Mekari Flex,Sesuai ekspektasi,TERLALU_PENDEK
2ac419e9-f56a-4087-bd21-d427cf48b054,Mekari Flex,"Sangat"" membantu",TERLALU_PENDEK
c91e4d80-52f2-4aab-b8f9-572d7104c2d5,Mekari Flex,Keren pokonya,TERLALU_PENDEK
7ed94d55-c3b5-4f61-951f-4e5df2f23ca7,Mekari Flex,Mantop,TERLALU_PENDEK
f9aa4cb9-ace8-4222-b6d8-467c472cbc50,Mekari Flex,sgt bagus,TERLALU_PENDEK
7637d0d0-2d22-4c82-b625-2a484e789adb,Mekari Flex,Baik sekali,TERLALU_PENDEK
eed32235-3eeb-40ab-a089-3879011329a6,Mekari Flex,Menari mantap,TERLALU_PENDEK
41904cd6-4945-4159-b2d5-3e238e8a98f5,Mekari Flex,Mantap..sangat membantu,TERLALU_PENDEK
1a16a7c8-d230-47a1-a216-a982f92f5689,Mekari Flex,Bermanfaat,TERLALU_PENDEK
63c154ae-e6f2-452e-9a22-42ec761e454b,Mekari Flex,Good aplikasi,TERLALU_PENDEK
10598f55-9597-45b0-a57d-84f47fca02a9,Mekari Flex,Cool,TERLALU_PENDEK
5667995e-fd61-476d-88b5-b2d1711ef055,Mekari Flex,Godd,TERLALU_PENDEK
1f16594b-58d6-49e0-b7d3-beab24307731,Mekari Flex,Sangat membantu 👍👍👍,TERLALU_PENDEK
a95ca325-3f14-4b59-bc4b-f1c4320dc820,Mekari Flex,Jossss,TERLALU_PENDEK
a6a97c56-def8-403b-b4da-376b5819420b,Mekari Flex,Good job,TERLALU_PENDEK
14134e68-ecac-45fe-a97b-adec564ea27e,Mekari Flex,Simple,TERLALU_PENDEK
9b6d6927-ccf8-47fd-969f-ab644de3c9a3,Mekari Flex,Sangat membantu...,TERLALU_PENDEK
71367e40-a3f5-4278-afd6-cbf6a9513702,Mekari Flex,Mantap banget,TERLALU_PENDEK
ccb30f36-d9ad-4ac6-8ed0-5a0cb8e19458,Mekari Flex,😀,TERLALU_PENDEK
39822a8e-5d41-42e8-9b42-cd6d0c846b69,Mekari Flex,Real,TERLALU_PENDEK
6d9dc2b9-cd0a-457a-a0a9-4158f9b669be,Mekari Flex,Sat aet,TERLALU_PENDEK
252d2ad6-7389-47f8-8983-61d3bdaa5a4b,Mekari Flex,Mntep,TERLALU_PENDEK
32dd4073-1aa4-44a8-8124-89c50257f165,Mekari Flex,Mantap poooooolllllllll,TERLALU_PENDEK
7c414e0a-ae87-4821-9c0a-3ba5654aea29,Mekari Flex,Selalu Amanah.....👌,TERLALU_PENDEK
b4306713-8fe5-408b-ad47-40e4f7993061,Mekari Flex,ACC dong,TERLALU_PENDEK
97df8b65-8704-4190-9822-220a0baa0f1c,Mekari Flex,Oke banget,TERLALU_PENDEK
a06014ca-9af1-4358-b2c0-df3ed65afb20,Mekari Flex,Aneh,TERLALU_PENDEK
02b43d2e-0e59-4a0f-badf-c191b30d356e,Mekari Flex,Tops,TERLALU_PENDEK
4f8cc4f8-60fb-4c56-836c-61b423c19406,Mekari Flex,Mantabs,TERLALU_PENDEK
a7e32925-50ed-4ff1-90e1-5d95ddce1a9e,Mekari Flex,Sabgat baik,TERLALU_PENDEK
1cdc50e8-d39f-4b91-b020-1ccde2b338a4,Mekari Flex,Sangat memudahkan,TERLALU_PENDEK
c89d89ba-7de7-4b9b-ac7f-c5196fc0945a,Mekari Flex,😊,TERLALU_PENDEK
dc900706-df4a-4569-8ae5-6897a2afd3b8,Mekari Flex,Let's go,TERLALU_PENDEK
17aeb5ca-00cb-4725-a15c-22ef946f091a,Mekari Flex,Lambat,TERLALU_PENDEK
43e694db-2d54-45c9-be6a-76e455fea4ed,Mekari Flex,Memudahkan urusan,TERLALU_PENDEK
49aea4f8-a758-4ce9-b103-d69d2b70643f,Mekari Flex,Oke mantap,TERLALU_PENDEK
b257acc3-61a4-4357-a81b-5056e89ef69a,Mekari Flex,Dicoba,TERLALU_PENDEK
c21eeeec-f0c1-45d8-85c7-06b1f38943ef,Mekari Flex,Asik,TERLALU_PENDEK
7263d631-9df9-44f8-b572-18b2c9789845,Mekari Flex,👌,TERLALU_PENDEK
f7faa12a-34d0-4f7c-b5be-f5731854b60e,Mekari Flex,Membantu banget,TERLALU_PENDEK
200bb6b0-f9b8-45a4-8af7-7eda0ed6b98d,Mekari Flex,Waw,TERLALU_PENDEK
56be65da-6503-4a42-b1f2-dd4f6b35dbe8,Mekari Flex,Ok sih,TERLALU_PENDEK
2ad2a03c-e652-4e19-87ae-c2a191b91e3e,Mekari Flex,Bagus sekali,TERLALU_PENDEK
d8051ba6-1671-46eb-8d38-f62478fd8508,Mekari Flex,kasbon oke,TERLALU_PENDEK
cca2ae9b-4e67-4574-b22d-89e1267778c5,Mekari Flex,Luar biasa,TERLALU_PENDEK
861855c4-4be6-46dd-bc80-9ce7a9ef2dee,Mekari Flex,Transaksi mudah,TERLALU_PENDEK
37ced950-db06-4525-b404-49e751b6ec1f,Mekari Flex,Ok good...,TERLALU_PENDEK
6bc0a6a1-1bb9-41e6-894a-f20ee3e214ee,Mekari Flex,keren sekali,TERLALU_PENDEK
171be6a8-8a7d-4a14-8574-5bcf589e0870,Mekari Flex,Siip,TERLALU_PENDEK
6f48c95e-c660-4c3e-93bc-e014a25715ab,Mekari Flex,"Keren, Bgt",TERLALU_PENDEK
2ae16f2b-8d25-4ac7-83b9-2be4a1624007,Mekari Flex,Okokokok,TERLALU_PENDEK
91f100a2-add5-4916-8d94-3768b0c02c3e,Mekari Flex,Bagus aplikasi,TERLALU_PENDEK
7c7315c6-91ae-43a8-a38c-cabcf10bf0c3,Mekari Flex,Mantappp👍👍👍,TERLALU_PENDEK
88bce35e-a865-4390-9737-0e8bcb51a4a3,Mekari Flex,Sangat bermanffat,TERLALU_PENDEK
ea59313f-14ce-4cef-ab63-90e656c3cca7,Mekari Flex,Mantaaaaaaff,TERLALU_PENDEK
37921d10-fd6d-4111-b0a0-a073730ea867,Mekari Flex,Puas,TERLALU_PENDEK
a27ccd46-7e94-47f4-9dd2-e27f271023b4,Mekari Flex,Dip,TERLALU_PENDEK
2b30572f-3895-444a-9250-c411c71cbfe4,Mekari Flex,Lbih canggih,TERLALU_PENDEK
43842bdc-186b-4b3c-aa40-cf25586f3311,Mekari Flex,Calep,TERLALU_PENDEK
c05a7f54-0fb7-4375-af21-e77a4831e8fc,Mekari Flex,Sedap gilaaaaaaa,TERLALU_PENDEK
b692a915-f0eb-4bc3-b525-5d30096be47b,Mekari Flex,Mantaappp,TERLALU_PENDEK
a3960153-3ee3-4240-8b94-9b239c978dda,Mekari Flex,Mempermudah,TERLALU_PENDEK
4d41a887-85b4-4613-8b14-01ffce19e48d,Mekari Flex,good.,TERLALU_PENDEK
29625110-8d29-4211-88fe-a105b6ba3ca9,Mekari Flex,Aplikasi mqntqp,TERLALU_PENDEK
1b5c23e9-f61f-490c-aa70-c81203206419,Mekari Flex,Lumayanlah,TERLALU_PENDEK
0f8c6c94-2a85-47a6-acd3-d00c203bbb06,Mekari Flex,Bgus,TERLALU_PENDEK
f8a7b256-72e9-49e4-8f38-a91b870b4d2c,Mekari Flex,mantaf,TERLALU_PENDEK
bc4747be-985b-49fb-9293-e00c443212ea,Mekari Flex,Sukses,TERLALU_PENDEK
400bf6e4-f98a-48ef-bc02-9e176ffbdb94,Mekari Flex,Mantap pokoke,TERLALU_PENDEK
67d179c4-c8dd-4e06-be39-7d67ae9dfb8e,Mekari Flex,Good luck,TERLALU_PENDEK
5cc3e5bd-87e6-4fb2-a8d7-4a3702150458,Mekari Flex,Fast respon,TERLALU_PENDEK
70f2b3a2-7977-4d25-b789-8fbce7f0b04b,Mekari Flex,Semoga acc,TERLALU_PENDEK
552668c4-1b5b-4f56-87e0-718cc6d9f63a,Mekari Flex,Luar biasanya,TERLALU_PENDEK
d534463e-e448-462c-b533-4c3ab3a5355f,Mekari Flex,Sangat membantu...👍,TERLALU_PENDEK
221aeb87-9502-417d-ab61-95be0e63f2bd,Mekari Flex,"Kereennn.,.. !!!",TERLALU_PENDEK
105b933a-b7a9-48f8-a994-ac185b7316f0,Mekari Flex,Cangggih,TERLALU_PENDEK
6334fc68-46b4-49ab-975f-d54d8d186627,Mekari Flex,Sangat mempermudah,TERLALU_PENDEK
354c94f5-5b32-406f-b5f2-04916fc64dec,Mekari Flex,Goodjobz,TERLALU_PENDEK
395c0e29-4eee-453a-9a6b-6665907b3621,Mekari Flex,Menari mantappppppp👍,TERLALU_PENDEK
c2d752be-b9ba-43f5-9d04-a56610cc11a5,Mekari Flex,Sangat. Membantu,TERLALU_PENDEK
312dfb68-1571-48d1-b2b9-66cc99ef6a1d,Mekari Flex,Joosss...,TERLALU_PENDEK
1bd47ac4-7c3f-4961-b869-4b6af81b67ba,Mekari Flex,🤗🤗,TERLALU_PENDEK
09262206-9ab1-4607-99c2-239d9a7c65b7,Mekari Flex,Siiip,TERLALU_PENDEK
7ada466a-f0a5-49d8-bf6b-6378fd0faba6,Paywatch,sangat membantu,TERLALU_PENDEK
97374042-db12-4c9b-b779-938114555b5d,Paywatch,Top banget 🥰,TERLALU_PENDEK
d2fd228a-b1ec-4296-9a78-794fba6e0ffd,Paywatch,cepat tepat,TERLALU_PENDEK
2af36e8d-b5a3-42fe-b75c-999247b7af78,Paywatch,sangat mmbantu,TERLALU_PENDEK
d35ed078-18b1-42e9-9c51-797038688ed7,Paywatch,mantap,TERLALU_PENDEK
abf1fb19-044f-4700-ae10-eb8978f1656c,Paywatch,bermanfaat banget,TERLALU_PENDEK
02901403-231b-4924-8cd7-e659af70110c,Paywatch,bagus,TERLALU_PENDEK
1afb41fb-c92b-4cbb-9266-2cc0d3f2358c,Paywatch,tidak konsisten,TERLALU_PENDEK
30229e81-cfff-411d-baf7-f9d71bf589ab,Paywatch,pelayanannya cepat,TERLALU_PENDEK
dde4c78e-c465-46b0-9650-0bc3d554cc29,Paywatch,sangat bermanfaat,TERLALU_PENDEK
9baeac3a-fa5b-4e04-99c5-0971103ef8dc,Paywatch,bermanfaat,TERLALU_PENDEK
2c458b74-d958-439a-8d33-bba9377c99a3,Paywatch,sangat baik,TERLALU_PENDEK
d51efdf7-055c-45d2-a646-7a3966bb1c1a,Paywatch,sangat puas,TERLALU_PENDEK
8071df65-c731-4170-99f9-bea30e0211de,Paywatch,good 👍,TERLALU_PENDEK
0c14ac17-f6c0-4a06-9134-d4d4f87da422,Paywatch,ok,TERLALU_PENDEK
efe38c08-b400-4913-859e-2a478beb273e,Paywatch,eror,TERLALU_PENDEK
1b65dd9b-b80f-46da-bbc1-42167cd276f3,Paywatch,sangat membantu 🫰👍,TERLALU_PENDEK
3dac7e2d-9c73-471c-97ae-169151748fa9,Paywatch,bagus sekali,TERLALU_PENDEK
889fe4a9-cb9d-4fde-af2e-81e37dc0029f,Paywatch,memberikan solusi,TERLALU_PENDEK
81a64656-7b39-4250-b6ca-65ac332e46ce,Paywatch,aplikasi bagus,TERLALU_PENDEK
4b66c35f-c608-4431-87eb-1863a3c96089,Paywatch,apk mantab,TERLALU_PENDEK
d7257fad-705f-4f0d-855f-8ac0d7940850,Paywatch,good service,TERLALU_PENDEK
83cd77ae-2702-4983-ad1d-3b01c4eb59b6,Paywatch,sangat berguna,TERLALU_PENDEK
202eba78-b554-4bd0-81cf-64268abce030,Paywatch,baik,TERLALU_PENDEK
d73f2282-c234-4cd0-a829-be2b0a1391d0,Paywatch,keren,TERLALU_PENDEK
fbad56fe-40a3-43c4-9f51-d22a7aece670,Paywatch,good,TERLALU_PENDEK
f8ee83b3-924b-42dc-b202-4ae562c17565,Paywatch,sangat bagus,TERLALU_PENDEK
4a61daaa-41fa-4bc9-b7be-e19613a3de57,Paywatch,sangat mmbantu🥰🥰,TERLALU_PENDEK
ddb238af-5b1c-46f7-91bb-8024eb231258,Paywatch,nice,TERLALU_PENDEK
685acf69-1137-4409-acb4-3c88400baacc,Paywatch,cukup membantu,TERLALU_PENDEK
73c6acff-e375-4831-94ad-4908a8e39000,Paywatch,👍,TERLALU_PENDEK
ac17fc22-8529-4fee-b85a-93dbdea4f6c7,Paywatch,good app,TERLALU_PENDEK
53ebfee1-11cd-4d7e-af23-5b5cfee36abe,Paywatch,Sangat membantu..,TERLALU_PENDEK
73460d49-f46e-497b-bd4e-b9c37d0e138d,Paywatch,Mantapppppp,TERLALU_PENDEK
8c508ed3-d898-4b07-b578-34c83ecb680d,Paywatch,proses cepat,TERLALU_PENDEK
24a01712-59c5-4ce5-a6fd-9cde0d31f8c7,Paywatch,cukup bagus,TERLALU_PENDEK
4f62cca9-4fe4-4d1b-b76b-ca672f3a51e2,Wagely,sangat membantu,TERLALU_PENDEK
6bf366dd-4ca5-4d68-a9cb-9ab476b9df10,Wagely,aplikasi sampahhh,TERLALU_PENDEK
4f2aaa4a-ec48-44ec-a9e6-20203f2465fb,Wagely,merdeka,TERLALU_PENDEK
8b4fa1cd-e44c-476e-b654-add5737556e1,Wagely,apk merugikan,TERLALU_PENDEK
1bdf1cf3-2632-4e31-ae78-cc7e20e9c286,Wagely,aplikasi sampah,TERLALU_PENDEK
7dab68f1-086f-400c-9f4b-85776e9b24af,Wagely,ok,TERLALU_PENDEK
8f166a11-65ab-48a0-a710-543ee795e62c,Wagely,baik,TERLALU_PENDEK
343910e4-5fac-4b60-a4b9-328587ea0330,Wagely,👍,TERLALU_PENDEK
e0235623-d787-4331-b4bf-3cf59e752402,Wagely,mantap,TERLALU_PENDEK
c6656c92-638d-4e70-94c6-ee88592b6d75,Wagely,mulai memeras,TERLALU_PENDEK
212e81f9-c19b-44b5-8cf7-60e9628a9cdd,Wagely,terbantu sekali,TERLALU_PENDEK
5260317e-2d47-4c84-873c-85e46cf6880c,Wagely,GK jelas,TERLALU_PENDEK
d65a2640-1e05-46a1-a0ed-1916b62596c3,Wagely,Blokir saya,TERLALU_PENDEK
1d8cda27-94c6-4075-9f52-c879d819e839,Wagely,bagus banget,TERLALU_PENDEK
3de8a212-78e2-466d-95c7-28ba7b5fffe4,Wagely,bagus membantu,TERLALU_PENDEK
2c1243ef-5f10-4580-9294-9095af3a0e79,Wagely,BAD APPLICATION!,TERLALU_PENDEK
fb5cac2d-018f-4647-9c34-cbdf58b6c0fd,Wagely,kena hack,TERLALU_PENDEK
ac8efa15-f575-4015-ae9a-d57dbcc0dc15,Wagely,okeh banget,TERLALU_PENDEK
07601248-6e34-4cc1-8899-cd55b35b952b,Wagely,cukup bagus,TERLALU_PENDEK
be0089b7-b54f-466d-bfeb-a0f1be8b9a81,Wagely,bangkrut?,TERLALU_PENDEK
bf19a565-9fd7-4d72-b1b9-68d01523a7b4,Wagely,respon lambat,TERLALU_PENDEK
3e54620a-07b3-4ab1-887f-9eaa1b863030,Wagely,sangat bagus,TERLALU_PENDEK
c8dddb79-f01f-42b2-acc9-fc57a05c86f6,Wagely,sangat mmbntu,TERLALU_PENDEK
a5c976d7-95cd-4561-b70e-175a679eba08,Wagely,apk perTOLOLan,TERLALU_PENDEK
e878bb5c-3018-42d3-9281-f4e711d6ab49,Wagely,Jelek,TERLALU_PENDEK
70a9cb11-cc51-4a5b-8553-1e555b2b4a6d,Wagely,sangat bermanfaat,TERLALU_PENDEK
b3d67f1f-6527-4a24-894e-9539f34f40f4,Wagely,Not bad,TERLALU_PENDEK
414cbf1b-01db-467e-a35a-a75827268911,Wagely,Good,TERLALU_PENDEK
867bccc4-ff02-4762-ae7c-ba3aecaa42f5,Wagely,Slow respon,TERLALU_PENDEK
d13d4d5b-3db8-49f7-bcf4-8f381afd1305,Wagely,Aplikasi setan,TERLALU_PENDEK
a7f32c1e-d0ce-4ee2-9ad6-fa5862fd3c36,Wagely,sering lag,TERLALU_PENDEK
169b641d-a420-4b43-9824-5d0726b3643e,Wagely,ga jelas,TERLALU_PENDEK
005320b5-506d-4e4e-92fb-e5cdc8c71f06,Wagely,Gak jelas,TERLALU_PENDEK
b0886924-31c1-4d3f-be4c-d01f134d53e1,Wagely,Sangat membantu...,TERLALU_PENDEK
ee1b8853-2880-4701-bde7-aafe989bee57,Wagely,Mirip pinjol,TERLALU_PENDEK
d0d625a9-6a91-4534-9567-806d2dd839d8,Wagely,"Angel,ribet,sekali",TERLALU_PENDEK
72c43dc7-5b45-4498-937d-e2388d468c6f,Wagely,Nembabtu sekali,TERLALU_PENDEK
da3785c2-a862-41a3-a115-0d5cba4d7a6a,Wagely,Aplikasi tolol,TERLALU_PENDEK
d9509883-1eaa-4643-b08e-bfcf00af3269,Wagely,Sangat memuaskan 👍👍👍,TERLALU_PENDEK
25a197e0-a8ed-47cd-9f7c-94004b98503d,Wagely,Solusi keuangan,TERLALU_PENDEK
8320fe6b-75e8-41ad-8f25-20e936e813b4,Wagely,Sngat membantu,TERLALU_PENDEK
e3079bed-1c06-44f7-b3c7-b7db00414da0,Wagely,Aplikasi payahhhhh,TERLALU_PENDEK
ff394b95-205b-4651-8786-5e7219ac9609,Wagely,Aplikasi bagus,TERLALU_PENDEK
513bce60-eb41-4f3a-bd94-b7c7769af5fd,Wagely,Buruk,TERLALU_PENDEK
4cebf923-1870-4f75-9035-76875488e376,Wagely,sgt membantu,TERLALU_PENDEK
2f92029d-637a-4764-bf60-b155e9f97e2e,Wagely,Mantabbb,TERLALU_PENDEK
4fcd532b-6367-4fb3-9a0e-9a264e076f2f,Wagely,kecewa,TERLALU_PENDEK
023c6548-4b88-48cb-9a65-3e02ae907184,Wagely,Saya terbantu,TERLALU_PENDEK
4e291f95-44f5-467a-b1cf-67c654b51f64,Wagely,Mantappp,TERLALU_PENDEK
ff175aa4-fca8-4c05-9bfa-467880672540,Wagely,Mntaap,TERLALU_PENDEK
289a6465-66a1-4690-875e-d2764799936e,Wagely,Bagus manfaat,TERLALU_PENDEK
9f3c14fd-d03e-49eb-8d46-7bc78515c746,Wagely,bagus,TERLALU_PENDEK
3f7743eb-cb1d-479f-9af4-da78af195be8,Wagely,Ivuhh .p,TERLALU_PENDEK
58f7384f-f406-4e27-8fcf-f708fbd50cf7,Wagely,Mantap banget,TERLALU_PENDEK
46ceae8f-b49b-449e-baed-c431d9742cf7,Wagely,Mantapp,TERLALU_PENDEK
d2658229-7d86-4355-917a-d23437e8d1d1,Wagely,"Okay,",TERLALU_PENDEK
70d7cbda-ce6e-4ec7-aa0a-58a36d0c16be,Wagely,apk jelek,TERLALU_PENDEK
2b19a075-f75b-4ae9-a817-2fa2acf68b57,Wagely,cukup membantu👍👍,TERLALU_PENDEK
1040c3d1-8753-4652-82b1-73130c28fa3b,Wagely,Mantap membantu,TERLALU_PENDEK
dc63e0cc-1d1c-40e7-a63e-a286f577d15a,Wagely,Membantu bnget,TERLALU_PENDEK
f3b1e12b-6671-4a89-9d33-951c341304eb,Wagely,Manfaat,TERLALU_PENDEK
d0599ba3-bced-452a-bd80-69b2724a93c6,Wagely,Cukup membantu,TERLALU_PENDEK
d188dacc-3819-49a1-8acf-c14f4265681c,Wagely,Sangat memuaskan,TERLALU_PENDEK
597dfd19-ca16-4c5d-8626-4ee40cbc4184,Wagely,Gooood,TERLALU_PENDEK
0bdffa1b-5072-4057-bb58-d2249f7b1f7e,Wagely,Joooss,TERLALU_PENDEK
c1a0df5b-acd0-4166-8a0a-37ede2f0e412,Wagely,Ok banget,TERLALU_PENDEK
4a47a559-0dc0-44d3-a13e-f041d2f82e4a,Wagely,gimnh caracdaftar,TERLALU_PENDEK
bafb3e69-0a14-4044-a313-20990e52c444,Wagely,Susah masuk...,TERLALU_PENDEK
e5050bc3-fa2b-4ee4-b7b5-b8b8fdb61195,Wagely,Bagud,TERLALU_PENDEK
8c465de7-7e84-47c1-8606-ec5743e31639,Wagely,Oky ja,TERLALU_PENDEK
8c5c0ea2-d049-490a-99c0-6f755db5f52c,Wagely,Mantap bos,TERLALU_PENDEK
bc62a0b5-7588-477d-833c-f209b795a6c2,Wagely,oke,TERLALU_PENDEK
c50dd006-6248-4512-8dfc-4d0108724699,Wagely,Tertarik,TERLALU_PENDEK
2331ba0d-f526-4e07-baaf-8d16afffa97b,Wagely,Terbaik,TERLALU_PENDEK
fec2ed20-3837-4d4b-89c1-64413f695b38,Wagely,👍🏻👍🏻👍🏻,TERLALU_PENDEK
16e24e89-51e9-4b85-a88a-895bd8b7b06a,Wagely,sangat membantu....,TERLALU_PENDEK
fc797c1b-b391-41ea-a329-6b9261f8a287,Wagely,Moga membantu,TERLALU_PENDEK
18a3d377-b52c-43e2-aea4-9b2e88a667ac,Wagely,Apik,TERLALU_PENDEK
89f2d065-9202-4a59-9733-a6aa9baed653,Wagely,👍👍👍,TERLALU_PENDEK
ea757b5b-b5c3-4ccb-826c-5484312b5886,Wagely,Mantab,TERLALU_PENDEK
34669c1c-2700-4f11-9207-135c124ecccb,Wagely,Okk bgt,TERLALU_PENDEK
c1c86aae-92ea-4c1d-9d0b-7ee5579a13f4,Wagely,Josss,TERLALU_PENDEK
22a0ee35-8508-416a-b743-aeb28ad04a53,Wagely,Ok mantab,TERLALU_PENDEK
8184bbad-a02a-4329-ad20-7fbb51cbaa97,Wagely,Coba dlu,TERLALU_PENDEK
ed0187f3-b62b-42ef-a8b8-593c5bf866f4,Wagely,"GRP.PRIMKOP.MANTAP..,",TERLALU_PENDEK
52f909ab-7e14-4350-a17a-f694e07944f3,Wagely,Top,TERLALU_PENDEK
5db8c40c-b396-4aba-8413-6674d7ab4a7c,Wagely,Sangat mambantu,TERLALU_PENDEK
8e2c42af-ef75-46b3-8367-151712990f9f,Wagely,berguna,TERLALU_PENDEK
ad176dda-1521-49d0-9646-c8eecf4a8ffd,Wagely,Semoga membantu,TERLALU_PENDEK
be820b0f-cdc3-4707-8c5b-bb063fd059e9,Wagely,Sangat Membantu 👍😊,TERLALU_PENDEK
a729ae71-c267-49c2-a9bc-d01c46cc67d9,Wagely,Responny cepat,TERLALU_PENDEK
d5a6c2e6-697b-49eb-9757-e324e445dd5c,Wagely,Good job,TERLALU_PENDEK
37e4eac0-9bc2-419b-a7c6-dda2d1b6dacb,Wagely,Siiiipp...pokoknya,TERLALU_PENDEK
8f271456-5aa3-4cbd-acfb-d23823710ade,Wagely,Nice,TERLALU_PENDEK
d3e8b2f9-a07d-4a7f-aa9f-ed27bbbd77ad,Wagely,Semoga membantu.,TERLALU_PENDEK
3cff27c5-e999-4b48-be01-fe7c16a39f5d,Wagely,Coba,TERLALU_PENDEK
c5e235bb-776c-4c35-8086-e9c8c671c369,Wagely,Bermanfaat sekali,TERLALU_PENDEK
98a0cd89-999d-4d7f-a82d-43885fe65bc4,Wagely,Sngt membntu,TERLALU_PENDEK
68219f04-c23e-4a66-b816-a1e8b530de81,Wagely,Semoga jebollllll,TERLALU_PENDEK
119d55c5-5346-4c7d-9b9c-b18c2abecade,Wagely,Mantaaap,TERLALU_PENDEK
aadceb5a-1803-4bec-a5c7-66d67ba51925,Wagely,tidak maksimal,TERLALU_PENDEK
d0335be8-ffa9-4528-85be-84e00d97bcf6,Wagely,Mantap👍,TERLALU_PENDEK
ac6baa98-0342-4939-83c1-648d7d39eb14,Wagely,good👍,TERLALU_PENDEK
f1dbab1f-ea9a-4230-85c2-7eb446ccd17a,Wagely,Sangat membantu..mantap,TERLALU_PENDEK
a7e9beff-1c19-47a8-8b5c-53e30a24a799,Wagely,Mantappppp,TERLALU_PENDEK
cace3138-fa25-48fa-a2f6-64b15ccafe45,Wagely,Semoga terbantu,TERLALU_PENDEK
924a395b-6f7b-4e36-ab99-2d23ab37c1eb,Wagely,jos,TERLALU_PENDEK
7e6af693-7249-4b32-97a0-bc1d1cfbf573,Wagely,"Tks,sangat membantu",TERLALU_PENDEK
39c7e122-c83f-48ca-8d93-cfc92f815d2d,Wagely,Aplikasinya bagus,TERLALU_PENDEK
c7e36ce3-da65-4045-bf0f-01dc9f3d5e0a,Wagely,Mantep bagus,TERLALU_PENDEK
7f1cd23d-fa22-43df-ad60-51741d2145fd,Wagely,Ok jg,TERLALU_PENDEK
57d0ce4d-3c89-48b9-a912-d668aeeff126,Wagely,Layak...😁,TERLALU_PENDEK
b5202a1b-b14d-4987-9a00-ab2e097f30a9,Wagely,Membantu,TERLALU_PENDEK
30c1bd8a-d777-4567-8480-4d8ecf7197b6,Wagely,Ok bingits,TERLALU_PENDEK
ec6fcaa8-7b11-49ce-919b-269fcdf73160,Wagely,Masalah teratasi,TERLALU_PENDEK
3c3c91b5-3728-421f-acc3-f3967220b765,Wagely,Apl baik,TERLALU_PENDEK
3cb295a8-545c-46a4-92f9-ed537e2a8277,Wagely,Top bangeeet 👍👍👍👍,TERLALU_PENDEK
ce7b0de5-f54a-493e-9a0f-433a2725c23e,Wagely,Mantaps sekali,TERLALU_PENDEK
78001414-d812-4692-aaa3-86a8a4fb09a5,Wagely,👍👍👍👍👍,TERLALU_PENDEK
31d3924f-b8bc-402a-80de-f7bafdbe54c3,Wagely,Mantap bgt.....,TERLALU_PENDEK
cc1e161b-287a-4a9b-a4af-b56bdeb98fab,Wagely,"Good, bermanfaat",TERLALU_PENDEK
07b69d73-11e4-44ee-94f2-8424225e45ca,GajiGesa,sangat bagus,TERLALU_PENDEK
a43109d3-97c3-4e8d-bf9f-a12b44fa4998,GajiGesa,bagus bnget,TERLALU_PENDEK
230de479-d22b-4272-82d6-2fcbf933b4e4,GajiGesa,👍,TERLALU_PENDEK
466e0e7e-004b-412d-bf01-3a71a690f6e7,GajiGesa,ok,TERLALU_PENDEK
3a9d1e44-bb90-480a-8895-c81d429b7817,GajiGesa,sangat membantu,TERLALU_PENDEK
277c4542-4790-45fc-acf6-8cab450cc934,GajiGesa,sangant membantu,TERLALU_PENDEK
e517bec5-ee8d-4ff1-8efa-500bc6de16d0,GajiGesa,keren,TERLALU_PENDEK
7af3c88b-8ad7-419f-a0f9-c68ddbefdde9,GajiGesa,memudahkan keperluan,TERLALU_PENDEK
e482cd4e-afe1-44f6-b6bd-e66909c116f2,GajiGesa,Mantap,TERLALU_PENDEK
c58321d3-8519-40e9-bd06-1d5a1e675cba,GajiGesa,Good,TERLALU_PENDEK
69fec05b-5c03-42ed-90ac-f31445436831,GajiGesa,Membantu,TERLALU_PENDEK
dbd6e303-771b-4999-a6fe-5ed0816788c4,GajiGesa,Bagus,TERLALU_PENDEK
89a24ba2-15cb-498c-af8a-ea7a08755902,GajiGesa,Sangat bermanfaat,TERLALU_PENDEK
e8d57848-008f-4fdd-9727-09765b125ef7,GajiGesa,Parah 🤣,TERLALU_PENDEK
8e4b9080-8b74-4300-8e64-3ac375a1f26f,GajiGesa,Baik.,TERLALU_PENDEK
a3087490-230a-4022-a90c-7391e8c3096d,GajiGesa,Oke,TERLALU_PENDEK
52252c82-704e-4069-b86e-5bd60985e084,GajiGesa,Mantab,TERLALU_PENDEK
9b7a1ade-40bf-4914-9be6-a1201a74ed50,GajiGesa,Membantu bnget,TERLALU_PENDEK
d58c2f97-a4ff-4340-a7ec-e1e6aa08e7fd,GajiGesa,Hebat,TERLALU_PENDEK
0e781ae5-6007-4bfd-97ba-8b271ead374a,GajiGesa,Keren aplikasinya,TERLALU_PENDEK
d7a6f833-f0ee-48dd-93bd-59a451ddc7ae,GajiGesa,🤑,TERLALU_PENDEK
b9348fce-46be-4c11-b6dc-1c4180bd2009,GajiGesa,Semakin good,TERLALU_PENDEK
a25d68a9-cfd7-4429-9580-27945f79ee67,GajiGesa,Mantaap,TERLALU_PENDEK
4332a961-72b7-4ef0-8933-71d6fa962c93,GajiGesa,Opsi lumayan,TERLALU_PENDEK
ff747fb1-2cbb-44d7-a494-9a2d8476b6e2,GajiGesa,Sangat membatu,TERLALU_PENDEK
a57f6e71-d45d-4a6e-b74c-417f4d2a482d,GajiGesa,Mudah diakses,TERLALU_PENDEK
640e1e0f-f407-4364-8d0b-0d0c05cf9a57,GajiGesa,Rekomendasi App,TERLALU_PENDEK
5a649099-e9e9-4b5d-b57a-2763c8881f0a,GajiGesa,DAFTARNYA RIBET!,TERLALU_PENDEK
d0694325-4b59-4b19-ab0a-a9b2f5d4bf47,GajiGesa,Apk membantu,TERLALU_PENDEK
f178c462-2e26-4852-9f66-d3d103a9aa64,GajiGesa,Like,TERLALU_PENDEK
abd323fd-2dca-4f0e-8cfd-f30ea7358c13,GajiGesa,Mantap😍,TERLALU_PENDEK
e1800d3c-3b70-4821-9e60-a3dcd91be098,GajiGesa,Sangat membantu 🤭😁,TERLALU_PENDEK
7fe52542-3311-46cf-8cff-327ca68b8966,GajiGesa,Nice,TERLALU_PENDEK
0d4d7ddd-0eca-4020-89a9-e8b8535df463,GajiGesa,baik,TERLALU_PENDEK
fbd6d0a5-a301-4ab3-8532-21f1309fb52c,GajiGesa,Top,TERLALU_PENDEK
5b6dec00-cffb-4fd5-8dda-90b5d3fa34b2,GajiGesa,Prosesnya cepat,TERLALU_PENDEK
04532214-29bd-4022-865a-2f2318b231c0,GajiGesa,Mantul,TERLALU_PENDEK
51055f05-6417-40fc-baf3-51d6284e81a5,GajiGesa,👍👍,TERLALU_PENDEK
9b507845-314f-4d16-a768-c4313915bd49,AyoKasbon,tidak jelas,TERLALU_PENDEK
4bd5076f-bfa9-40ab-a48f-b5e011ac4f72,AyoKasbon,gx jelas,TERLALU_PENDEK
704ee3fc-23c0-44d4-b55b-c08441391f6c,AyoKasbon,APLIKASI SAKIT,TERLALU_PENDEK
c22a955b-38d1-4971-80d1-b8bf9b98da16,AyoKasbon,mantap,TERLALU_PENDEK
7a08ead5-1315-4a07-82ab-a73206634b0f,AyoKasbon,nice,TERLALU_PENDEK
019227c2-3877-4126-88a3-405db25d0cb9,AyoKasbon,cair,TERLALU_PENDEK
410200be-e559-49eb-9597-4cd1318451ce,AyoKasbon,ayo kasbonn,TERLALU_PENDEK
e529355f-02d4-4353-be44-4c6daddd2644,AyoKasbon,apk TOLOL,TERLALU_PENDEK
d76441cf-9208-4ec3-86b9-be3a521e3564,AyoKasbon,Bohong,TERLALU_PENDEK
51889eb2-f12a-41f4-b6b7-4b0903d84c50,AyoKasbon,ditolak,TERLALU_PENDEK
2e713309-9043-4040-9757-dcdb823fa982,AyoKasbon,Nggak jelas,TERLALU_PENDEK
57888908-1212-4a20-bae6-1d7430e38135,AyoKasbon,Sat.set... Sat.Set.. 👍,TERLALU_PENDEK
936aa270-c00d-40cd-a4bf-7a0d1569e716,AyoKasbon,Mantab......,TERLALU_PENDEK
dd322274-12e5-42ad-b1dd-dfc492b4f63e,AyoKasbon,Mantap jaya😂😂😂,TERLALU_PENDEK
